Lat,Lon,Date,Predicted_Temperature
27.75,74.5,2008-01,272.6676
27.75,74.5,2008-05,272.48904
27.75,74.5,2008-08,272.73126
27.75,74.5,2008-11,272.15543
27.75,74.5,2009-01,272.48688
27.75,74.5,2009-05,273.07214
27.75,74.5,2009-08,272.1652
27.75,74.5,2009-11,272.52
27.75,74.5,2010-01,272.5598
27.75,74.5,2010-05,273.81796
27.75,74.5,2010-08,273.7026
27.75,74.5,2010-11,271.4411
27.75,74.5,2011-01,270.7302
27.75,74.5,2011-05,268.04678
27.75,74.5,2011-08,270.13135
27.75,74.5,2011-11,272.93427
27.75,74.5,2012-01,268.1385
27.75,74.5,2012-05,274.17673
27.75,74.5,2012-11,275.16144
27.75,74.5,2013-01,276.21515
27.75,74.5,2013-02,273.15417
27.75,74.5,2013-06,270.90167
27.75,74.5,2013-12,269.37808
27.75,74.5,2014-02,270.95486
27.75,74.5,2014-09,273.7071
27.75,74.5,2014-12,274.12265
27.75,74.5,2015-02,272.0402
27.75,74.5,2015-06,271.4202
27.75,74.5,2015-09,270.5304
27.75,74.5,2015-12,271.1915
27.75,74.5,2016-06,272.41443
27.75,74.5,2016-09,270.66904
27.75,74.5,2016-12,269.98825
27.75,74.5,2017-02,271.64975
27.75,74.5,2017-03,275.58496
27.75,74.5,2017-07,281.85086
27.75,74.5,2017-10,295.55966
27.75,74.5,2018-01,296.02118
27.75,74.75,2008-01,284.68295
27.75,74.75,2008-05,284.68118
27.75,74.75,2008-08,284.55966
27.75,74.75,2008-11,284.68332
27.75,74.75,2009-01,284.6384
27.75,74.75,2009-05,284.02707
27.75,74.75,2009-08,284.14307
27.75,74.75,2009-11,284.6693
27.75,74.75,2010-01,284.40527
27.75,74.75,2010-05,282.8876
27.75,74.75,2010-08,284.6454
27.75,74.75,2010-11,284.0303
27.75,74.75,2011-01,284.50314
27.75,74.75,2011-05,283.46457
27.75,74.75,2011-08,283.87503
27.75,74.75,2011-11,283.99576
27.75,74.75,2012-01,283.6864
27.75,74.75,2012-05,284.35248
27.75,74.75,2012-11,283.87466
27.75,74.75,2013-01,284.29565
27.75,74.75,2013-02,284.20908
27.75,74.75,2013-06,284.24286
27.75,74.75,2013-12,283.75452
27.75,74.75,2014-02,284.14096
27.75,74.75,2014-06,284.03012
27.75,74.75,2014-09,283.95255
27.75,74.75,2014-12,283.33453
27.75,74.75,2015-02,283.27463
27.75,74.75,2015-06,283.32983
27.75,74.75,2015-09,283.9554
27.75,74.75,2015-12,283.22678
27.75,74.75,2016-06,282.19174
27.75,74.75,2016-09,283.33267
27.75,74.75,2016-12,283.17535
27.75,74.75,2017-02,283.79648
27.75,74.75,2017-03,282.6877
27.75,74.75,2017-07,282.61304
27.75,74.75,2017-10,282.79678
27.75,74.75,2018-01,282.18246
27.75,74.75,2018-03,283.17825
27.75,74.75,2018-07,283.07336
27.75,74.75,2018-10,282.93768
27.75,74.75,2019-03,282.8675
27.75,74.75,2019-07,282.55634
27.75,74.75,2019-10,282.91013
27.75,74.75,2020-01,282.7774
27.75,74.75,2020-03,282.79773
27.75,74.75,2020-10,282.64203
27.75,74.75,2021-01,282.0098
27.75,75.0,2008-01,300.70895
27.75,75.0,2008-05,298.24786
27.75,75.0,2008-08,300.7681
27.75,75.0,2008-11,300.14096
27.75,75.0,2009-01,300.07678
27.75,75.0,2009-05,300.0206
27.75,75.0,2009-08,299.95706
27.75,75.0,2009-11,299.9308
27.75,75.0,2010-01,299.78558
27.75,75.0,2010-05,299.65536
27.75,75.0,2010-08,299.6503
27.75,75.0,2010-11,299.55347
27.75,75.0,2011-01,299.62537
27.75,75.0,2011-05,299.22205
27.75,75.0,2011-08,299.40692
27.75,75.0,2011-11,298.9964
27.75,75.0,2012-01,299.02185
27.75,75.0,2012-05,298.88144
27.75,75.0,2012-11,299.28336
27.75,75.0,2013-01,299.00674
27.75,75.0,2013-02,298.42355
27.75,75.0,2013-06,298.69247
27.75,75.0,2013-09,299.0545
27.75,75.0,2013-12,299.00116
27.75,75.0,2014-02,298.48175
27.75,75.0,2014-06,298.69974
27.75,75.0,2014-09,298.54504
27.75,75.0,2014-12,298.9056
27.75,75.0,2015-02,298.2101
27.75,75.0,2015-06,299.26004
27.75,75.0,2015-09,297.44125
27.75,75.0,2015-12,297.5126
27.75,75.0,2016-06,296.43243
27.75,75.0,2016-09,299.547
27.75,75.0,2016-12,297.04135
27.75,75.0,2017-02,298.39764
27.75,75.0,2017-03,295.38882
27.75,75.0,2017-07,295.00238
27.75,75.0,2017-10,295.07455
27.75,75.0,2018-01,297.39636
27.75,75.0,2018-03,298.19125
27.75,75.0,2018-07,293.8806
27.75,75.25,2008-01,329.23746
27.75,75.25,2008-05,329.12094
27.75,75.25,2008-08,328.99744
27.75,75.25,2008-11,328.87292
27.75,75.25,2009-01,328.76913
27.75,75.25,2009-05,328.65222
27.75,75.25,2009-08,328.49823
27.75,75.25,2009-11,328.39594
27.75,75.25,2010-01,328.2531
27.75,75.25,2010-05,328.11652
27.75,75.25,2010-11,327.90988
27.75,75.25,2011-01,327.7752
27.75,75.25,2011-05,327.63403
27.75,75.25,2011-08,328.87885
27.75,75.25,2011-11,328.37155
27.75,75.25,2012-01,327.31036
27.75,75.25,2012-05,327.53104
27.75,75.25,2012-11,328.06903
27.75,75.25,2013-01,326.10452
27.75,75.25,2013-02,326.83554
27.75,75.25,2013-06,325.36502
27.75,75.25,2013-09,327.44873
27.75,75.25,2013-12,326.86023
27.75,75.25,2014-02,326.36835
27.75,75.25,2014-06,326.8182
27.75,75.25,2014-09,326.35196
27.75,75.25,2014-12,326.40936
27.75,75.25,2015-02,325.17105
27.75,75.25,2015-06,325.4162
27.75,75.25,2015-09,325.85077
27.75,75.25,2015-12,323.68927
27.75,75.25,2016-06,324.55417
27.75,75.25,2016-09,322.80948
27.75,75.25,2016-12,324.6995
27.75,75.25,2017-02,323.99786
27.75,75.25,2017-03,323.442
27.75,75.25,2017-07,323.63876
27.75,75.25,2017-10,322.80954
27.75,75.25,2018-01,322.49588
27.75,75.25,2018-03,322.55682
27.75,75.25,2019-03,321.84177
27.75,75.25,2019-10,320.19714
27.75,75.25,2020-01,319.74023
27.75,75.25,2020-03,320.18375
27.75,75.25,2020-10,320.35928
27.75,75.25,2021-01,319.21863
27.75,75.5,2008-05,381.10974
27.75,75.5,2008-08,380.51547
27.75,75.5,2008-11,380.4716
27.75,75.5,2009-01,380.5761
27.75,75.5,2009-05,379.6907
27.75,75.5,2009-08,380.0098
27.75,75.5,2009-11,379.95377
27.75,75.5,2010-01,379.10663
27.75,75.5,2010-05,378.58728
27.75,75.5,2010-11,377.36478
27.75,75.5,2011-05,376.95236
27.75,75.5,2011-08,377.8847
27.75,75.5,2011-11,376.1446
27.75,75.5,2012-01,374.65878
27.75,75.5,2012-05,374.0251
27.75,75.5,2012-11,374.4113
27.75,75.5,2013-01,375.49384
27.75,75.5,2013-02,374.76334
27.75,75.5,2013-06,375.26474
27.75,75.5,2013-09,373.87753
27.75,75.5,2013-12,373.098
27.75,75.5,2014-02,371.98682
27.75,75.5,2014-06,369.33395
27.75,75.5,2014-09,371.32275
27.75,75.5,2014-12,371.59097
27.75,75.5,2015-02,370.71597
27.75,75.5,2015-06,372.73224
27.75,75.75,2008-01,354.27286
27.75,75.75,2008-05,354.5923
27.75,75.75,2008-08,354.32022
27.75,75.75,2008-11,357.74
27.75,75.75,2009-01,356.60587
27.75,75.75,2009-05,355.504
27.75,75.75,2009-08,356.8647
27.75,75.75,2009-11,356.39697
27.75,75.75,2010-01,355.26794
27.75,75.75,2010-05,355.24292
27.75,75.75,2010-11,353.06808
27.75,75.75,2011-01,356.6588
27.75,75.75,2011-05,359.56668
27.75,75.75,2011-08,359.554
27.75,75.75,2011-11,359.74405
27.75,75.75,2012-01,361.4652
27.75,75.75,2012-05,358.85724
27.75,75.75,2013-06,359.54324
27.75,75.75,2013-09,357.66205
27.75,75.75,2013-12,357.32684
27.75,75.75,2014-02,358.67377
27.75,75.75,2014-06,354.26767
27.75,75.75,2014-09,355.74924
27.75,75.75,2014-12,357.7067
27.75,75.75,2015-02,356.91638
27.75,75.75,2015-06,356.51993
27.75,75.75,2015-09,356.33408
27.75,75.75,2015-12,358.59995
27.75,75.75,2016-06,354.7281
27.75,75.75,2016-09,358.07394
27.75,75.75,2016-12,357.0057
27.75,75.75,2017-02,357.49725
27.75,75.75,2017-03,355.53375
27.75,75.75,2017-07,358.5015
27.75,75.75,2017-10,356.6318
27.75,75.75,2018-01,354.19556
27.75,75.75,2018-03,353.87103
27.75,75.75,2018-07,356.01843
27.75,75.75,2018-10,356.18622
27.75,75.75,2019-03,358.16586
27.75,75.75,2019-07,355.80215
27.75,75.75,2019-10,354.0752
27.75,75.75,2020-01,357.12357
27.75,75.75,2020-03,357.77307
27.75,75.75,2020-10,355.95496
27.75,75.75,2021-01,357.09006
27.75,76.0,2009-05,270.78036
27.75,76.0,2009-08,270.63797
27.75,76.0,2009-11,270.33832
27.75,76.0,2010-01,272.16553
27.75,76.0,2010-05,270.28146
27.75,76.0,2010-08,268.47806
27.75,76.0,2010-11,264.0928
27.75,76.0,2011-01,265.01212
27.75,76.0,2011-05,266.91138
27.75,76.0,2011-08,266.52057
27.75,76.0,2011-11,263.17737
27.75,76.0,2012-01,263.1593
27.75,76.0,2012-05,262.7076
27.75,76.0,2013-09,261.9594
27.75,76.0,2013-12,259.6769
27.75,76.0,2014-02,256.7687
27.75,76.0,2017-02,258.8536
27.75,76.0,2017-03,263.2775
27.75,76.0,2017-07,267.21317
27.75,76.0,2017-10,268.90396
27.75,76.0,2018-01,266.17517
27.75,76.25,2008-05,258.80237
27.75,76.25,2008-08,258.5396
27.75,76.25,2008-11,256.51984
27.75,76.25,2009-01,252.22887
27.75,76.25,2009-05,253.11989
27.75,76.25,2009-08,249.6927
27.75,76.25,2009-11,248.29628
27.75,76.25,2010-01,251.75247
27.75,76.25,2010-05,251.46068
27.75,76.25,2010-08,253.23952
27.75,76.25,2010-11,252.00252
27.75,76.25,2011-01,251.4653
27.75,76.25,2011-05,250.12173
27.75,76.25,2011-08,250.43073
27.75,76.25,2011-11,248.42572
27.75,76.25,2012-01,246.31102
27.75,76.25,2012-05,243.8342
27.75,76.25,2012-11,239.29347
27.75,76.25,2013-01,247.99132
27.75,76.25,2013-02,230.60852
27.75,76.25,2013-06,236.72954
27.75,76.25,2013-09,242.06032
27.75,76.25,2013-12,243.85065
27.75,76.25,2014-02,245.54251
27.75,76.25,2014-06,242.04947
27.75,76.25,2014-09,239.20241
27.75,76.25,2014-12,239.29977
27.75,76.25,2015-02,240.69237
27.75,76.25,2015-12,240.29129
27.75,76.25,2016-09,234.77313
27.75,76.25,2017-02,225.59482
27.75,76.25,2017-03,221.21773
27.75,76.25,2018-01,231.78583
27.75,76.25,2018-03,235.92635
27.75,76.25,2018-07,233.27988
27.75,76.25,2018-10,232.1155
27.75,76.25,2019-03,231.08138
27.75,76.25,2019-07,227.21645
27.75,76.25,2019-10,223.92908
27.75,76.25,2020-01,229.55453
27.75,76.25,2020-03,225.46968
27.75,76.5,2008-05,251.57208
27.75,76.5,2008-08,252.66861
27.75,76.5,2009-01,251.8832
27.75,76.5,2009-05,249.59912
27.75,76.5,2009-08,249.29642
27.75,76.5,2009-11,248.79697
27.75,76.5,2010-01,248.52403
27.75,76.5,2010-05,248.04219
27.75,76.5,2010-08,248.74078
27.75,76.5,2010-11,249.07541
27.75,76.5,2011-01,247.48573
27.75,76.5,2011-05,247.73483
27.75,76.5,2011-08,247.61389
27.75,76.5,2011-11,246.99728
27.75,76.5,2012-01,245.42685
27.75,76.5,2012-05,244.78294
27.75,76.5,2012-11,243.6715
27.75,76.5,2013-01,243.7268
27.75,76.5,2013-02,243.77342
27.75,76.5,2013-06,242.88007
27.75,76.5,2013-09,243.13115
27.75,76.5,2013-12,242.5932
27.75,76.5,2014-02,239.97418
27.75,76.5,2014-06,239.25645
27.75,76.5,2014-09,238.25732
27.75,76.5,2014-12,239.78378
27.75,76.5,2015-02,239.7501
27.75,76.5,2015-06,239.07123
27.75,76.5,2015-09,239.9077
27.75,76.5,2015-12,240.49377
27.75,76.5,2016-06,239.51799
27.75,76.5,2016-09,237.83432
27.75,76.5,2016-12,237.40433
27.75,76.5,2017-02,239.12198
27.75,76.5,2017-03,235.4289
27.75,76.5,2017-07,233.68675
27.75,76.5,2017-10,235.8718
27.75,76.5,2018-01,235.24991
27.75,76.5,2018-03,234.77686
27.75,76.5,2018-07,236.37784
27.75,76.5,2018-10,236.39456
27.75,76.5,2019-03,232.58307
27.75,76.5,2019-07,232.99133
27.75,76.5,2019-10,232.04585
27.75,76.5,2020-01,226.06473
27.75,76.5,2020-03,223.81432
27.75,76.5,2020-10,224.36
27.75,76.5,2021-01,222.57176
27.75,76.75,2008-01,270.60434
27.75,76.75,2008-05,264.46466
27.75,76.75,2008-08,267.44437
27.75,76.75,2009-05,268.8724
27.75,76.75,2009-08,265.24393
27.75,76.75,2009-11,263.3379
27.75,76.75,2010-01,268.75903
27.75,76.75,2010-05,268.26126
27.75,76.75,2010-08,260.99615
27.75,76.75,2010-11,264.16415
27.75,76.75,2011-01,264.67447
27.75,76.75,2011-05,268.85364
27.75,76.75,2011-08,270.4747
27.75,76.75,2011-11,266.87115
27.75,76.75,2012-01,264.44504
27.75,76.75,2012-05,270.2473
27.75,76.75,2012-11,264.7967
27.75,76.75,2013-01,265.4868
27.75,76.75,2013-02,258.29663
27.75,76.75,2013-06,261.19388
27.75,76.75,2013-09,263.0023
27.75,76.75,2013-12,262.23865
27.75,76.75,2014-02,267.3087
27.75,76.75,2014-06,264.71463
27.75,76.75,2014-09,265.66763
27.75,76.75,2014-12,265.39917
27.75,76.75,2015-02,263.8988
27.75,76.75,2015-06,264.45865
27.75,76.75,2015-09,267.1775
27.75,76.75,2015-12,265.80463
27.75,76.75,2016-06,264.09137
27.75,76.75,2016-09,262.29172
27.75,76.75,2016-12,266.33466
27.75,76.75,2017-02,262.01065
27.75,76.75,2017-03,260.32452
27.75,76.75,2017-07,258.29276
27.75,76.75,2017-10,260.32907
27.75,76.75,2018-01,256.14053
27.75,76.75,2019-10,261.32358
27.75,76.75,2020-01,268.84973
27.75,76.75,2020-03,266.3088
27.75,76.75,2020-10,267.53116
27.75,77.0,2008-08,190.55984
27.75,77.0,2008-11,190.7049
27.75,77.0,2009-01,190.779
27.75,77.0,2009-05,189.86566
27.75,77.0,2009-08,191.08765
27.75,77.0,2009-11,191.7502
27.75,77.0,2010-01,191.78976
27.75,77.0,2010-05,189.43304
27.75,77.0,2010-08,189.38568
27.75,77.0,2010-11,190.92906
27.75,77.0,2011-01,190.48024
27.75,77.0,2011-05,191.36002
27.75,77.0,2011-08,190.61353
27.75,77.0,2011-11,190.96494
27.75,77.0,2012-01,191.16985
27.75,77.0,2012-05,190.94986
27.75,77.0,2012-11,189.45593
27.75,77.0,2013-01,188.21275
27.75,77.0,2013-02,188.69025
27.75,77.0,2013-06,188.88055
27.75,77.0,2013-09,190.32855
27.75,77.0,2013-12,192.10178
27.75,77.0,2014-02,190.88242
27.75,77.0,2014-06,189.76157
27.75,77.0,2014-09,189.67561
27.75,77.0,2014-12,189.86258
27.75,77.0,2015-02,189.42113
27.75,77.0,2015-06,189.47665
27.75,77.0,2015-09,189.2765
27.75,77.0,2015-12,188.87004
27.75,77.0,2016-06,189.34016
27.75,77.0,2016-09,187.92409
27.75,77.0,2016-12,189.64658
27.75,77.0,2017-02,190.24773
27.75,77.0,2017-03,190.10394
27.75,77.0,2017-07,189.39133
27.75,77.0,2017-10,188.16254
27.75,77.0,2018-01,187.1072
27.75,77.0,2018-03,187.62697
27.75,77.0,2018-07,188.43752
27.75,77.0,2018-10,190.0602
27.75,77.0,2019-03,190.39508
27.75,77.0,2019-07,189.83379
27.75,77.0,2019-10,188.46333
27.75,77.0,2020-01,189.55403
27.75,77.0,2020-03,189.89465
27.75,77.0,2020-10,188.5097
27.75,77.0,2021-01,188.61229
27.75,77.25,2008-01,188.0205
27.75,77.25,2008-05,187.63661
27.75,77.25,2008-08,188.71988
27.75,77.25,2008-11,188.13802
27.75,77.25,2009-01,188.17004
27.75,77.25,2009-05,187.45428
27.75,77.25,2009-08,188.45255
27.75,77.25,2009-11,188.19398
27.75,77.25,2010-01,187.80576
27.75,77.25,2010-05,186.72385
27.75,77.25,2010-08,188.2607
27.75,77.25,2010-11,187.99045
27.75,77.25,2011-01,187.78943
27.75,77.25,2011-05,187.70389
27.75,77.25,2011-08,189.07481
27.75,77.25,2011-11,188.00244
27.75,77.25,2012-01,187.98521
27.75,77.25,2012-05,187.1412
27.75,77.25,2012-11,188.49017
27.75,77.25,2013-01,188.4323
27.75,77.25,2013-05,188.48766
27.75,77.25,2013-08,187.7151
27.75,77.25,2013-11,188.13156
27.75,77.25,2014-01,188.41591
27.75,77.25,2014-05,188.19948
27.75,77.25,2014-08,187.97997
27.75,77.25,2015-01,188.58353
27.75,77.25,2015-05,188.94635
27.75,77.25,2015-08,187.87485
27.75,77.25,2015-11,187.99876
27.75,77.25,2016-06,187.83983
27.75,77.25,2016-09,188.32118
27.75,77.25,2016-12,188.26811
27.75,77.25,2017-02,188.28285
27.75,77.25,2017-06,187.22801
27.75,77.25,2017-09,188.27837
27.75,77.25,2017-12,188.9858
27.75,77.25,2018-02,188.4908
27.75,77.25,2018-06,186.64636
27.75,77.25,2018-09,188.62848
27.75,77.25,2019-02,188.15031
27.75,77.25,2019-06,188.27652
27.75,77.25,2019-09,188.02399
27.75,77.25,2019-12,188.66986
27.75,77.25,2020-02,188.49828
27.75,77.25,2020-12,188.47934
27.75,77.5,2015-11,178.77267
27.75,77.5,2016-01,178.78552
27.75,77.5,2016-02,178.62659
27.75,77.5,2016-06,178.65694
27.75,77.5,2016-09,178.55247
27.75,77.5,2016-12,178.4865
27.75,77.5,2017-02,178.48488
27.75,77.5,2017-06,178.9869
27.75,77.5,2017-09,178.88493
27.75,77.5,2017-12,179.02463
27.75,77.5,2018-02,178.2079
27.75,77.5,2018-06,178.12025
27.75,77.5,2018-12,178.319
27.75,77.5,2019-02,179.54059
27.75,77.5,2019-06,179.41368
27.75,77.5,2019-09,178.70413
27.75,77.5,2019-12,177.81953
27.75,77.5,2020-02,178.41634
27.75,77.5,2020-12,178.33742
27.75,77.75,2008-01,181.87321
27.75,77.75,2008-05,181.67398
27.75,77.75,2008-08,181.57661
27.75,77.75,2008-11,181.86009
27.75,77.75,2009-01,181.77304
27.75,77.75,2009-05,182.3021
27.75,77.75,2009-08,181.89363
27.75,77.75,2009-11,181.99612
27.75,77.75,2010-01,181.57951
27.75,77.75,2010-05,181.01585
27.75,77.75,2010-08,181.47647
27.75,77.75,2010-11,181.28578
27.75,77.75,2011-01,181.48691
27.75,77.75,2011-05,181.74608
27.75,77.75,2011-08,181.54851
27.75,77.75,2011-11,182.36543
27.75,77.75,2012-01,182.53069
27.75,77.75,2012-05,182.45512
27.75,77.75,2012-11,182.65718
27.75,77.75,2013-01,182.09306
27.75,77.75,2013-05,182.30698
27.75,77.75,2013-08,181.90642
27.75,77.75,2013-11,181.8644
27.75,77.75,2014-01,181.84671
27.75,77.75,2014-05,181.62498
27.75,77.75,2014-08,181.16101
27.75,77.75,2015-05,181.575
27.75,77.75,2015-08,181.17749
27.75,77.75,2015-11,181.50186
27.75,77.75,2016-06,181.30447
27.75,77.75,2016-09,181.15033
27.75,77.75,2016-12,181.60591
27.75,77.75,2017-02,181.4876
27.75,77.75,2017-06,181.48734
27.75,77.75,2017-09,181.33705
27.75,77.75,2017-12,181.04024
27.75,77.75,2018-02,181.40302
27.75,77.75,2018-06,181.16641
27.75,77.75,2018-09,181.32439
27.75,77.75,2019-02,181.19533
27.75,77.75,2019-06,181.11949
27.75,77.75,2019-09,181.01361
27.75,77.75,2019-12,180.87337
27.75,77.75,2020-02,181.14908
27.75,77.75,2020-12,180.82387
27.75,78.0,2008-01,179.8182
27.75,78.0,2008-05,179.38966
27.75,78.0,2008-08,178.99327
27.75,78.0,2008-11,179.87746
27.75,78.0,2009-01,180.94835
27.75,78.0,2009-05,179.73575
27.75,78.0,2009-08,179.2794
27.75,78.0,2009-11,178.79414
27.75,78.0,2010-01,177.94756
27.75,78.0,2010-05,181.64157
27.75,78.0,2010-08,182.33348
27.75,78.0,2010-11,181.35934
27.75,78.0,2011-01,180.71338
27.75,78.0,2011-05,181.40254
27.75,78.0,2011-08,180.10236
27.75,78.0,2011-11,182.48117
27.75,78.0,2012-01,181.2141
27.75,78.0,2012-05,180.4046
27.75,78.0,2012-11,180.37689
27.75,78.0,2013-01,178.79057
27.75,78.0,2013-05,180.40181
27.75,78.0,2013-08,180.99095
27.75,78.0,2013-11,180.44446
27.75,78.0,2014-01,181.11115
27.75,78.0,2014-05,181.16005
27.75,78.0,2014-08,180.8608
27.75,78.0,2015-05,180.44594
27.75,78.0,2015-08,180.3774
27.75,78.0,2015-11,179.80121
27.75,78.0,2016-06,180.09134
27.75,78.0,2016-09,178.7027
27.75,78.0,2016-12,178.20567
27.75,78.0,2017-02,179.28036
27.75,78.0,2017-06,179.01051
27.75,78.0,2017-09,179.51355
27.75,78.0,2017-12,178.88187
27.75,78.0,2018-02,178.61803
27.75,78.0,2018-06,178.73355
27.75,78.0,2018-09,178.57736
27.75,78.0,2019-02,179.41374
27.75,78.0,2019-06,178.72319
27.75,78.0,2019-09,178.70059
27.75,78.0,2019-12,178.4832
27.75,78.0,2020-02,179.0068
27.75,78.0,2020-12,179.31044
27.75,78.25,2008-01,177.50818
27.75,78.25,2008-05,177.23256
27.75,78.25,2008-08,178.54185
27.75,78.25,2008-11,178.34784
27.75,78.25,2009-01,177.46829
27.75,78.25,2009-05,176.78145
27.75,78.25,2009-08,176.65424
27.75,78.25,2009-11,177.46814
27.75,78.25,2010-01,177.03099
27.75,78.25,2010-05,177.15826
27.75,78.25,2010-08,177.331
27.75,78.25,2010-11,177.21028
27.75,78.25,2011-01,177.8337
27.75,78.25,2011-05,177.3351
27.75,78.25,2011-08,178.41046
27.75,78.25,2011-11,178.17003
27.75,78.25,2012-01,176.63895
27.75,78.25,2012-05,177.77817
27.75,78.25,2012-11,177.922
27.75,78.25,2013-01,178.13101
27.75,78.25,2013-05,177.31987
27.75,78.25,2013-08,177.51706
27.75,78.25,2013-11,177.17302
27.75,78.25,2014-01,177.8946
27.75,78.25,2014-05,177.6627
27.75,78.25,2014-08,178.021
27.75,78.25,2015-05,178.74545
27.75,78.25,2015-11,178.19942
27.75,78.25,2016-09,177.61374
27.75,78.5,2008-05,165.83261
27.75,78.5,2008-08,166.56873
27.75,78.5,2008-11,167.41554
27.75,78.5,2009-01,167.11859
27.75,78.5,2009-05,166.00903
27.75,78.5,2009-08,166.33069
27.75,78.5,2010-01,167.74437
27.75,78.75,2008-01,162.12991
27.75,78.75,2008-05,161.07883
27.75,78.75,2008-08,163.01309
27.75,78.75,2008-11,162.59377
27.75,78.75,2009-01,162.5325
27.75,78.75,2009-05,161.99754
27.75,78.75,2009-08,162.70389
27.75,78.75,2009-11,162.10164
27.75,78.75,2010-01,161.86017
27.75,78.75,2010-05,160.57968
27.75,78.75,2010-08,162.78807
27.75,78.75,2010-11,163.68472
27.75,78.75,2011-01,161.30891
27.75,78.75,2011-05,161.58202
27.75,78.75,2011-08,163.96214
27.75,78.75,2011-11,162.79729
27.75,78.75,2012-01,162.42079
27.75,78.75,2012-11,161.44283
27.75,78.75,2013-01,162.47887
27.75,78.75,2013-08,161.37875
27.75,78.75,2014-01,162.82866
27.75,78.75,2014-05,160.38664
27.75,78.75,2015-05,162.22835
27.75,79.0,2011-08,159.2519
27.75,79.0,2012-01,158.56812
27.75,79.0,2012-05,157.68933
27.75,79.0,2012-11,157.77203
27.75,79.0,2013-01,157.19856
27.75,79.0,2013-05,157.03763
27.75,79.0,2013-08,157.06769
27.75,79.0,2013-11,157.39824
27.75,79.0,2014-01,157.40697
27.75,79.0,2014-05,157.88916
27.75,79.0,2014-08,158.4673
27.75,79.25,2015-11,141.31253
27.75,79.25,2016-01,141.52687
27.75,79.25,2016-02,140.97334
27.75,79.25,2016-06,141.47127
27.75,79.25,2016-09,140.80759
27.75,79.25,2016-12,140.74823
27.75,79.25,2017-02,140.54442
27.75,79.25,2017-06,140.6188
27.75,79.25,2017-09,140.28346
27.75,79.25,2017-12,140.15962
27.75,79.25,2018-02,140.34761
27.75,79.25,2018-06,139.94817
27.75,79.25,2018-09,139.75081
27.75,79.25,2018-12,139.50778
27.75,79.25,2019-02,139.8717
27.75,79.25,2019-06,139.21738
27.75,79.25,2019-09,139.13525
27.75,79.25,2019-12,139.04074
27.75,79.25,2020-02,138.93579
27.75,79.25,2020-12,138.85017
27.75,79.75,2008-01,150.24724
27.75,79.75,2008-05,149.94704
27.75,79.75,2008-08,150.79163
27.75,79.75,2008-11,152.1538
27.75,79.75,2009-01,150.39592
27.75,79.75,2009-05,148.46445
27.75,79.75,2009-08,149.47131
27.75,79.75,2009-11,150.63933
27.75,79.75,2010-01,148.85155
27.75,79.75,2010-05,148.8338
27.75,79.75,2010-08,148.40813
27.75,79.75,2010-11,150.29681
27.75,79.75,2011-01,150.0358
27.75,79.75,2011-05,148.4884
27.75,79.75,2011-08,148.93974
27.75,79.75,2011-11,148.63995
27.75,79.75,2012-01,149.59096
27.75,79.75,2012-05,147.76912
27.75,79.75,2012-11,148.10736
27.75,79.75,2013-01,149.2282
27.75,79.75,2013-05,148.36795
27.75,79.75,2013-08,148.0581
27.75,79.75,2013-11,148.69263
27.75,79.75,2014-01,148.7398
27.75,79.75,2014-05,148.46733
27.75,79.75,2014-08,149.99052
27.75,79.75,2015-01,150.39888
27.75,79.75,2015-05,151.29538
27.75,79.75,2015-08,150.97667
27.75,79.75,2015-11,150.31938
27.75,79.75,2016-06,150.86877
27.75,79.75,2016-09,150.78421
27.75,79.75,2016-12,148.67285
27.75,79.75,2017-02,148.09848
27.75,79.75,2017-09,149.00923
27.75,79.75,2017-12,147.71062
27.75,79.75,2018-02,147.6898
27.75,79.75,2018-12,148.4036
27.75,79.75,2019-02,149.61351
27.75,79.75,2019-06,149.54692
27.75,79.75,2019-09,149.63939
27.75,79.75,2019-12,150.55478
27.75,79.75,2020-02,150.3384
27.75,79.75,2020-12,149.32045
27.75,80.0,2008-01,154.57274
27.75,80.0,2008-05,154.39041
27.75,80.0,2008-08,155.21242
27.75,80.0,2008-11,154.89847
27.75,80.0,2009-01,154.23938
27.75,80.0,2009-05,153.88821
27.75,80.0,2009-08,155.96968
27.75,80.0,2009-11,155.27736
27.75,80.0,2010-01,154.40126
27.75,80.0,2010-05,153.09897
27.75,80.0,2010-08,155.84372
27.75,80.0,2010-11,155.82983
27.75,80.0,2011-01,154.13106
27.75,80.0,2011-05,153.65295
27.75,80.0,2011-08,155.88353
27.75,80.0,2011-11,155.01273
27.75,80.0,2012-01,154.83493
27.75,80.0,2012-05,153.88722
27.75,80.0,2012-11,155.6633
27.75,80.0,2013-01,154.99832
27.75,80.0,2013-05,154.36925
27.75,80.0,2013-08,153.69916
27.75,80.0,2013-11,154.71556
27.75,80.0,2014-01,154.10507
27.75,80.0,2014-05,154.29593
27.75,80.0,2014-08,155.05138
27.75,80.0,2015-01,153.90218
27.75,80.0,2015-05,153.2241
27.75,80.0,2015-08,154.21313
27.75,80.0,2016-06,154.22978
27.75,80.0,2016-09,153.82658
27.75,80.0,2016-12,153.26378
27.75,80.0,2017-02,153.65366
27.75,80.0,2017-06,152.77948
27.75,80.0,2017-09,153.24478
27.75,80.0,2017-12,154.25607
27.75,80.0,2018-02,152.86424
27.75,80.0,2018-06,152.83994
27.75,80.0,2018-09,154.58784
27.75,80.0,2018-12,153.67851
27.75,80.0,2019-02,153.82253
27.75,80.0,2019-09,152.68962
27.75,80.0,2020-09,153.99991
27.75,80.0,2020-12,155.02078
27.75,80.5,2008-11,148.55705
27.75,80.5,2009-01,148.50946
27.75,80.5,2009-08,145.52177
27.75,80.5,2009-11,147.70943
27.75,80.5,2010-01,148.18158
27.75,80.5,2010-05,148.30934
27.75,80.5,2010-08,148.56903
27.75,80.5,2010-11,148.99718
27.75,80.5,2011-01,147.56026
27.75,80.5,2011-08,146.7445
27.75,80.5,2011-11,149.5543
27.75,80.5,2012-01,147.9411
27.75,80.5,2012-11,148.6032
27.75,80.5,2013-01,148.26382
27.75,80.5,2013-08,148.73534
27.75,80.5,2013-11,148.80827
27.75,80.5,2014-01,148.32954
27.75,80.5,2014-05,147.54514
27.75,80.5,2014-08,148.32014
27.75,80.5,2015-05,148.13226
27.75,80.5,2015-08,149.0302
27.75,80.5,2016-09,149.06334
27.75,80.5,2016-12,149.10109
27.75,80.5,2017-02,147.90149
27.75,80.5,2018-06,146.3903
27.75,80.75,2008-01,132.22607
27.75,80.75,2008-05,131.39249
27.75,80.75,2008-08,132.84785
27.75,80.75,2008-11,131.93353
27.75,80.75,2009-01,132.05016
27.75,80.75,2009-05,131.96301
27.75,80.75,2009-08,132.69351
27.75,80.75,2009-11,131.9492
27.75,80.75,2010-01,132.40695
27.75,80.75,2010-05,131.50905
27.75,80.75,2010-08,132.72368
27.75,80.75,2010-11,132.49074
27.75,80.75,2011-01,131.80875
27.75,80.75,2011-05,131.78645
27.75,80.75,2011-08,132.81938
27.75,80.75,2011-11,131.8482
27.75,80.75,2012-01,131.87714
27.75,80.75,2012-05,131.90614
27.75,80.75,2012-11,132.26791
27.75,80.75,2013-01,132.07535
27.75,80.75,2013-05,131.71042
27.75,80.75,2013-08,131.31831
27.75,80.75,2013-11,132.48767
27.75,80.75,2014-01,132.00931
27.75,80.75,2014-05,131.03908
27.75,80.75,2014-08,132.33641
27.75,80.75,2015-01,131.6423
27.75,80.75,2015-05,131.61751
27.75,80.75,2015-08,131.73827
27.75,80.75,2015-11,132.0216
27.75,80.75,2016-06,132.00919
27.75,80.75,2016-09,130.98676
27.75,80.75,2016-12,132.31047
27.75,80.75,2017-02,132.20674
27.75,80.75,2017-06,131.39499
27.75,80.75,2017-09,131.77898
27.75,80.75,2017-12,131.7323
27.75,80.75,2018-02,131.42273
27.75,80.75,2018-06,131.45673
27.75,80.75,2018-09,132.32056
27.75,80.75,2018-12,132.40074
27.75,80.75,2019-02,131.89226
27.75,80.75,2019-06,131.2394
27.75,80.75,2019-09,132.49638
27.75,80.75,2019-12,131.71501
27.75,80.75,2020-02,130.99954
27.75,80.75,2020-09,132.40154
27.75,80.75,2020-12,132.72597
27.75,81.25,2008-01,125.695755
27.75,81.25,2008-05,125.814095
27.75,81.25,2008-08,127.2445
27.75,81.25,2008-11,126.13777
27.75,81.25,2009-01,125.56985
27.75,81.25,2009-05,125.52757
27.75,81.25,2009-08,127.317986
27.75,81.25,2009-11,126.36927
27.75,81.25,2010-01,125.818375
27.75,81.25,2010-05,125.67407
27.75,81.25,2010-08,126.867874
27.75,81.25,2010-11,126.38101
27.75,81.25,2011-01,125.88089
27.75,81.25,2011-05,125.64758
27.75,81.25,2011-08,127.225784
27.75,81.25,2011-11,126.122086
27.75,81.25,2012-01,125.48819
27.75,81.25,2012-05,126.06388
27.75,81.25,2012-11,127.338554
27.75,81.25,2013-01,126.25978
27.75,81.25,2013-05,126.152885
27.75,81.25,2013-08,125.79848
27.75,81.25,2013-11,126.33115
27.75,81.25,2014-01,125.495895
27.75,81.25,2014-05,125.304
27.75,81.25,2014-08,127.054726
27.75,81.25,2015-01,126.51992
27.75,81.25,2015-05,125.48522
27.75,81.25,2015-08,126.10144
27.75,81.25,2015-11,126.75163
27.75,81.25,2016-06,125.844444
27.75,81.25,2016-09,126.11695
27.75,81.25,2016-12,126.985374
27.75,81.25,2017-02,125.975716
27.75,81.25,2017-06,125.11462
27.75,81.25,2017-09,127.58386
27.75,81.25,2017-12,126.155716
27.75,81.25,2018-02,125.27575
27.75,81.25,2018-06,126.143005
27.75,81.25,2018-09,127.343285
27.75,81.25,2018-12,126.30798
27.75,81.25,2019-02,125.66803
27.75,81.25,2019-06,125.69525
27.75,81.25,2019-09,127.28812
27.75,81.25,2019-12,126.13292
27.75,81.25,2020-02,125.75759
27.75,81.25,2020-09,125.42839
27.75,81.25,2020-12,126.19264
27.75,81.5,2008-01,136.11166
27.75,81.5,2008-05,135.69069
27.75,81.5,2008-08,135.74341
27.75,81.5,2008-11,136.0249
27.75,81.5,2009-01,136.1084
27.75,81.5,2009-05,135.61113
27.75,81.5,2009-08,135.63763
27.75,81.5,2009-11,136.02455
27.75,81.5,2010-01,136.29033
27.75,81.5,2010-05,135.95908
27.75,81.5,2010-08,135.91624
27.75,81.5,2010-11,136.2413
27.75,81.5,2011-01,136.27466
27.75,81.5,2011-05,135.87543
27.75,81.5,2011-08,135.98857
27.75,81.5,2011-11,136.52202
27.75,81.5,2012-01,136.31857
27.75,81.5,2012-05,135.73628
27.75,81.5,2012-11,135.77193
27.75,81.5,2013-01,136.31267
27.75,81.5,2013-05,136.39389
27.75,81.5,2013-08,136.14813
27.75,81.5,2013-11,135.80284
27.75,81.5,2014-01,134.95543
27.75,81.5,2014-05,136.10023
27.75,81.5,2014-08,136.33607
27.75,81.5,2015-01,136.28181
27.75,81.5,2015-05,135.62868
27.75,81.5,2015-08,136.07944
27.75,81.5,2015-11,135.28947
27.75,81.5,2016-06,135.17088
27.75,81.5,2016-09,135.36314
27.75,81.5,2016-12,136.17337
27.75,81.5,2017-02,135.54886
27.75,81.5,2017-06,135.20891
27.75,81.5,2017-09,135.04698
27.75,81.5,2017-12,135.26491
27.75,81.5,2018-02,135.27719
27.75,81.5,2018-06,135.089
27.75,81.5,2018-09,135.01018
27.75,81.5,2018-12,135.38324
27.75,81.5,2019-02,135.22757
27.75,81.5,2019-06,134.85594
27.75,81.5,2019-09,134.94463
27.75,81.5,2019-12,135.30376
27.75,81.5,2020-02,135.33118
27.75,81.5,2020-09,135.07549
27.75,81.5,2020-12,135.2262
27.75,81.75,2008-01,188.49031
27.75,81.75,2008-05,188.71124
27.75,81.75,2008-08,190.5835
27.75,81.75,2008-11,189.48349
27.75,81.75,2009-01,189.12993
27.75,81.75,2009-05,188.8199
27.75,81.75,2009-08,190.39769
27.75,81.75,2009-11,189.47101
27.75,81.75,2010-01,189.02473
27.75,81.75,2010-05,189.17995
27.75,81.75,2010-08,190.60983
27.75,81.75,2010-11,189.64763
27.75,81.75,2011-01,188.96199
27.75,81.75,2011-05,189.03618
27.75,81.75,2011-08,190.39795
27.75,81.75,2011-11,189.09644
27.75,81.75,2012-01,188.27586
27.75,81.75,2012-05,188.76224
27.75,81.75,2012-11,190.26634
27.75,81.75,2013-01,189.05132
27.75,81.75,2013-05,188.49472
27.75,81.75,2013-08,189.08879
27.75,81.75,2013-11,189.66154
27.75,81.75,2014-01,188.10826
27.75,81.75,2014-05,188.18416
27.75,81.75,2014-08,190.01073
27.75,81.75,2015-01,189.53163
27.75,81.75,2015-05,188.60315
27.75,81.75,2015-08,189.31686
27.75,81.75,2015-11,190.45056
27.75,81.75,2016-06,189.40038
27.75,81.75,2016-09,188.82137
27.75,81.75,2016-12,190.36166
27.75,81.75,2017-02,189.94144
27.75,81.75,2017-06,188.4319
27.75,81.75,2017-09,190.68065
27.75,81.75,2017-12,189.76462
27.75,81.75,2018-02,188.30385
27.75,81.75,2018-06,188.7979
27.75,81.75,2018-09,190.42879
27.75,81.75,2018-12,189.33498
27.75,81.75,2019-02,188.43861
27.75,81.75,2019-06,189.26558
27.75,81.75,2019-09,190.41595
27.75,81.75,2019-12,188.67842
27.75,81.75,2020-02,188.19783
27.75,81.75,2020-09,188.97014
27.75,81.75,2020-12,189.79668
27.75,82.0,2008-01,382.8982
27.75,82.0,2008-05,382.8135
27.75,82.0,2008-08,384.30014
27.75,82.0,2008-11,383.23816
27.75,82.0,2009-01,383.2301
27.75,82.0,2009-05,382.87152
27.75,82.0,2009-08,383.97726
27.75,82.0,2009-11,383.13635
27.75,82.0,2010-01,383.35968
27.75,82.0,2010-05,382.76462
27.75,82.0,2010-08,383.93118
27.75,82.0,2010-11,383.4785
27.75,82.0,2011-01,383.21835
27.75,82.0,2011-05,383.14825
27.75,82.0,2011-08,384.0566
27.75,82.0,2011-11,383.1088
27.75,82.0,2012-01,383.22818
27.75,82.0,2012-05,382.89832
27.75,82.0,2012-11,382.95062
27.75,82.0,2013-01,382.6748
27.75,82.0,2013-05,383.26022
27.75,82.0,2013-08,382.8311
27.75,82.0,2013-11,383.39697
27.75,82.0,2014-01,382.24518
27.75,82.0,2014-05,383.13007
27.75,82.0,2014-08,382.7305
27.75,82.0,2015-01,383.53387
27.75,82.0,2015-05,382.63086
27.75,82.0,2015-08,383.03418
27.75,82.0,2015-11,383.17416
27.75,82.0,2016-06,382.28717
27.75,82.0,2016-09,382.89035
27.75,82.0,2016-12,383.4799
27.75,82.0,2017-02,383.2039
27.75,82.0,2017-06,382.76083
27.75,82.0,2017-09,383.0902
27.75,82.0,2017-12,383.29605
27.75,82.0,2018-02,382.48672
27.75,82.0,2018-06,383.05453
27.75,82.0,2018-09,383.43115
27.75,82.0,2018-12,383.4559
27.75,82.0,2019-02,382.89453
27.75,82.0,2019-09,383.01144
27.75,82.0,2019-12,383.8014
27.75,82.0,2020-02,382.73206
27.75,82.0,2020-09,383.4551
27.75,82.0,2020-12,383.57724
28.0,72.0,2008-05,99.440414
28.0,72.0,2008-08,100.310326
28.0,72.0,2008-11,99.25334
28.0,72.0,2009-01,99.31214
28.0,72.0,2009-05,99.3234
28.0,72.0,2009-08,99.42845
28.0,72.0,2009-11,99.39564
28.0,72.0,2010-01,99.92984
28.0,72.0,2010-05,99.8437
28.0,72.0,2010-08,99.66602
28.0,72.0,2010-11,99.604866
28.0,72.0,2011-01,99.64079
28.0,72.0,2011-05,99.70877
28.0,72.0,2011-08,99.56343
28.0,72.0,2011-11,99.77662
28.0,72.0,2012-01,99.684326
28.0,72.0,2012-05,100.05442
28.0,72.0,2012-11,99.66625
28.0,72.0,2013-01,99.72529
28.0,72.0,2013-02,99.58451
28.0,72.0,2013-06,99.68789
28.0,72.0,2013-09,99.65287
28.0,72.0,2013-12,99.70197
28.0,72.0,2014-02,99.63715
28.0,72.0,2014-06,98.25984
28.0,72.0,2014-09,98.38057
28.0,72.0,2014-12,99.26219
28.0,72.0,2015-02,99.17483
28.0,72.0,2015-06,99.537155
28.0,72.0,2015-09,99.213196
28.0,72.0,2015-12,99.8419
28.0,72.0,2016-06,98.97766
28.0,72.0,2016-09,99.04339
28.0,72.0,2017-07,97.961075
28.0,72.0,2017-10,99.03278
28.0,72.0,2018-01,98.74012
28.0,72.0,2018-03,99.334625
28.0,72.0,2018-07,99.43728
28.0,72.0,2018-10,99.59509
28.0,72.0,2019-03,99.537186
28.0,72.0,2019-07,99.62804
28.0,72.0,2019-10,99.40036
28.0,72.0,2020-01,99.50401
28.0,72.0,2020-03,99.48728
28.0,72.0,2020-10,99.60267
28.0,72.0,2021-01,99.444084
28.0,72.25,2008-01,130.23819
28.0,72.25,2008-05,129.86172
28.0,72.25,2008-08,130.6066
28.0,72.25,2008-11,130.56287
28.0,72.25,2009-01,130.74896
28.0,72.25,2009-08,130.50449
28.0,72.25,2009-11,131.09561
28.0,72.25,2010-08,130.52211
28.0,72.25,2011-01,131.48062
28.0,72.25,2011-05,130.66284
28.0,72.25,2011-08,130.70345
28.0,72.25,2011-11,130.8126
28.0,72.25,2012-01,131.29614
28.0,72.25,2012-05,130.79443
28.0,72.25,2012-11,130.85086
28.0,72.25,2013-01,130.85284
28.0,72.25,2013-02,130.96257
28.0,72.25,2013-06,130.88786
28.0,72.25,2013-09,131.00719
28.0,72.25,2013-12,130.61758
28.0,72.25,2014-02,131.47685
28.0,72.25,2014-06,131.08485
28.0,72.25,2014-09,132.03093
28.0,72.25,2014-12,131.50708
28.0,72.25,2015-02,131.08249
28.0,72.25,2015-06,130.69069
28.0,72.25,2015-09,131.06378
28.0,72.25,2015-12,130.48106
28.0,72.25,2016-06,131.25435
28.0,72.25,2017-07,131.15712
28.0,72.25,2017-10,129.8419
28.0,72.25,2018-01,130.44011
28.0,72.25,2018-03,130.2914
28.0,72.25,2018-07,129.83002
28.0,73.0,2008-01,127.40908
28.0,73.0,2008-05,129.61092
28.0,73.0,2008-08,131.97264
28.0,73.0,2008-11,141.05768
28.0,73.0,2009-01,150.21552
28.0,73.0,2009-05,155.75403
28.0,73.0,2009-08,155.41675
28.0,73.0,2009-11,158.68697
28.0,73.0,2010-01,157.01532
28.0,73.0,2010-05,152.69829
28.0,73.0,2010-08,155.4093
28.0,73.0,2010-11,155.49078
28.0,73.0,2011-01,158.79756
28.0,73.0,2011-05,154.75037
28.0,73.0,2011-08,158.66914
28.0,73.0,2012-01,157.64694
28.0,73.0,2012-05,153.42413
28.0,73.0,2013-06,155.66667
28.0,73.25,2008-05,144.67645
28.0,73.25,2008-11,144.62871
28.0,73.25,2009-05,144.59302
28.0,73.25,2009-08,144.68954
28.0,73.25,2009-11,144.62825
28.0,73.25,2010-01,144.5357
28.0,73.25,2010-05,144.74614
28.0,73.25,2010-08,144.40329
28.0,73.25,2010-11,144.90208
28.0,73.25,2011-01,144.77977
28.0,73.25,2011-05,144.70895
28.0,73.25,2011-08,144.97021
28.0,73.25,2011-11,144.44798
28.0,73.25,2012-01,144.48422
28.0,73.25,2012-05,144.51332
28.0,73.25,2012-11,144.84023
28.0,73.25,2013-01,145.07475
28.0,73.25,2013-02,145.06837
28.0,73.25,2013-06,145.05644
28.0,73.25,2013-09,145.07812
28.0,73.25,2013-12,145.1146
28.0,73.25,2014-02,145.17804
28.0,73.25,2014-06,145.24367
28.0,73.25,2014-09,145.14107
28.0,73.25,2014-12,145.19666
28.0,73.25,2015-02,145.13693
28.0,73.25,2015-06,145.21973
28.0,73.25,2015-09,145.37238
28.0,73.25,2015-12,145.32385
28.0,73.25,2016-06,145.54639
28.0,73.25,2016-09,145.26994
28.0,73.25,2016-12,145.32301
28.0,73.25,2017-02,145.38899
28.0,73.25,2017-03,145.5317
28.0,73.25,2017-07,145.67155
28.0,73.25,2017-10,145.50264
28.0,73.25,2018-01,145.52809
28.0,73.25,2018-03,145.48894
28.0,73.25,2018-07,145.62032
28.0,73.25,2018-10,145.6419
28.0,73.25,2019-03,145.69302
28.0,73.25,2019-07,145.65094
28.0,73.25,2019-10,145.57343
28.0,73.25,2020-01,145.16252
28.0,73.25,2020-03,145.37218
28.0,73.25,2020-10,145.12047
28.0,73.25,2021-01,145.7867
28.0,73.5,2015-12,168.33873
28.0,73.5,2016-06,167.38127
28.0,73.5,2016-09,165.8733
28.0,73.5,2016-12,167.98285
28.0,73.5,2017-02,167.89319
28.0,73.5,2017-03,167.11841
28.0,73.5,2017-07,168.67406
28.0,73.5,2017-10,166.56221
28.0,73.5,2018-01,165.74059
28.0,73.5,2018-03,167.47168
28.0,73.5,2018-07,166.9735
28.0,73.5,2018-10,168.39081
28.0,73.5,2019-03,167.4928
28.0,73.5,2019-07,166.52058
28.0,73.5,2019-10,165.1902
28.0,73.5,2020-01,166.8856
28.0,73.5,2020-03,167.5262
28.0,73.5,2020-10,167.93292
28.0,73.5,2021-01,167.46098
28.0,73.75,2008-05,207.29742
28.0,73.75,2008-08,206.74164
28.0,73.75,2008-11,203.74438
28.0,73.75,2009-01,206.29073
28.0,73.75,2009-05,208.15279
28.0,73.75,2009-08,206.2235
28.0,73.75,2009-11,206.73354
28.0,73.75,2010-01,205.886
28.0,73.75,2010-05,206.086
28.0,73.75,2010-08,207.1549
28.0,73.75,2010-11,207.03319
28.0,73.75,2011-01,207.14749
28.0,73.75,2011-05,206.04938
28.0,73.75,2011-08,206.24802
28.0,73.75,2011-11,207.62306
28.0,73.75,2012-01,206.33694
28.0,73.75,2012-05,206.88501
28.0,73.75,2013-01,205.81432
28.0,73.75,2013-02,207.22928
28.0,73.75,2013-06,207.40529
28.0,73.75,2013-09,207.11258
28.0,73.75,2013-12,208.6058
28.0,73.75,2014-02,205.50685
28.0,73.75,2014-06,206.5599
28.0,73.75,2014-09,206.72607
28.0,73.75,2014-12,206.90929
28.0,73.75,2015-02,206.65372
28.0,73.75,2015-06,207.13882
28.0,73.75,2015-09,205.82076
28.0,73.75,2015-12,206.10117
28.0,73.75,2016-06,208.10236
28.0,73.75,2016-09,205.03674
28.0,73.75,2017-02,206.02673
28.0,73.75,2017-03,206.00368
28.0,73.75,2017-07,204.68663
28.0,73.75,2017-10,203.77597
28.0,73.75,2018-01,204.31158
28.0,73.75,2018-03,204.43365
28.0,73.75,2018-07,205.14925
28.0,73.75,2018-10,204.45894
28.0,73.75,2019-03,202.78911
28.0,73.75,2019-07,202.37177
28.0,73.75,2019-10,202.75734
28.0,73.75,2020-01,205.28143
28.0,73.75,2020-03,203.69525
28.0,73.75,2020-10,204.12537
28.0,73.75,2021-01,203.126
28.0,74.0,2008-05,192.15709
28.0,74.0,2008-08,191.17593
28.0,74.0,2008-11,192.40802
28.0,74.0,2009-01,192.0671
28.0,74.0,2009-05,191.91624
28.0,74.0,2009-08,191.945
28.0,74.0,2009-11,191.94794
28.0,74.0,2010-01,192.59546
28.0,74.0,2010-05,192.23228
28.0,74.0,2010-08,192.49876
28.0,74.0,2010-11,192.59062
28.0,74.0,2011-01,192.73434
28.0,74.0,2011-05,192.78188
28.0,74.0,2011-08,192.65154
28.0,74.0,2011-11,192.82088
28.0,74.0,2012-01,192.70949
28.0,74.0,2012-05,192.9215
28.0,74.0,2012-11,192.56598
28.0,74.0,2013-01,192.76726
28.0,74.0,2013-02,192.51564
28.0,74.0,2013-06,192.65073
28.0,74.0,2013-09,192.35042
28.0,74.0,2013-12,192.62296
28.0,74.0,2014-02,192.53516
28.0,74.0,2014-06,192.49889
28.0,74.0,2014-09,192.37297
28.0,74.0,2015-02,192.52435
28.0,74.0,2015-06,192.35873
28.0,74.0,2015-09,192.30861
28.0,74.0,2015-12,192.20776
28.0,74.0,2016-06,192.51483
28.0,74.0,2016-09,192.117
28.0,74.0,2016-12,192.17229
28.0,74.0,2017-02,191.85321
28.0,74.0,2017-03,192.12558
28.0,74.0,2017-07,191.9105
28.0,74.0,2017-10,191.66089
28.0,74.0,2018-01,191.53462
28.0,74.0,2018-03,191.35031
28.0,74.0,2018-07,191.51807
28.0,74.0,2018-10,192.75676
28.0,74.0,2019-03,192.0713
28.0,74.25,2008-01,238.8796
28.0,74.25,2008-05,238.76753
28.0,74.25,2008-08,238.55309
28.0,74.25,2008-11,238.84265
28.0,74.25,2009-01,238.84294
28.0,74.25,2009-05,238.00854
28.0,74.25,2009-08,238.9899
28.0,74.25,2009-11,239.17192
28.0,74.25,2010-01,238.47096
28.0,74.25,2010-05,236.54669
28.0,74.25,2010-08,240.29614
28.0,74.25,2010-11,237.58917
28.0,74.25,2011-01,237.8552
28.0,74.25,2011-05,238.34122
28.0,74.25,2011-08,238.87883
28.0,74.25,2011-11,238.03609
28.0,74.25,2012-05,238.52411
28.0,74.25,2012-11,237.13464
28.0,74.25,2013-01,238.37065
28.0,74.25,2013-02,236.17311
28.0,74.25,2013-06,240.32857
28.0,74.25,2013-09,237.46924
28.0,74.25,2013-12,238.32045
28.0,74.25,2014-02,235.76039
28.0,74.25,2014-06,238.99797
28.0,74.25,2014-09,237.61276
28.0,74.25,2014-12,236.72136
28.0,74.25,2015-02,237.56937
28.0,74.25,2015-06,240.41246
28.0,74.25,2015-09,236.62294
28.0,74.25,2015-12,239.07373
28.0,74.25,2016-06,237.1083
28.0,74.25,2016-09,239.61241
28.0,74.25,2016-12,238.02591
28.0,74.25,2017-02,238.247
28.0,74.25,2017-03,238.2204
28.0,74.25,2017-07,238.55731
28.0,74.25,2017-10,237.69456
28.0,74.25,2018-01,238.4191
28.0,74.25,2018-03,238.00218
28.0,74.25,2018-07,237.65405
28.0,74.25,2018-10,236.95255
28.0,74.25,2019-03,239.5476
28.0,74.25,2019-07,236.20319
28.0,74.25,2019-10,237.578
28.0,74.25,2020-01,237.72406
28.0,74.25,2020-03,237.57706
28.0,74.25,2020-10,237.27724
28.0,74.25,2021-01,236.81792
28.0,74.5,2008-01,258.3989
28.0,74.5,2008-05,258.9894
28.0,74.5,2008-08,258.70724
28.0,74.5,2008-11,258.66776
28.0,74.5,2009-01,258.7919
28.0,74.5,2009-05,258.52658
28.0,74.5,2009-08,258.1337
28.0,74.5,2009-11,259.20172
28.0,74.5,2010-01,260.47495
28.0,74.5,2010-05,256.35928
28.0,74.5,2010-08,259.5159
28.0,74.5,2010-11,259.59964
28.0,74.5,2011-01,259.39825
28.0,74.5,2011-05,257.29874
28.0,74.5,2011-08,258.22314
28.0,74.5,2011-11,257.60864
28.0,74.5,2012-05,260.38052
28.0,74.5,2012-11,258.15433
28.0,74.5,2013-01,258.96487
28.0,74.5,2013-02,259.97476
28.0,74.5,2013-06,258.43384
28.0,74.5,2013-09,258.43967
28.0,74.5,2013-12,258.44168
28.0,74.5,2014-02,258.46912
28.0,74.5,2014-06,258.01605
28.0,74.5,2014-09,258.58694
28.0,74.5,2014-12,257.8537
28.0,74.5,2015-02,258.4188
28.0,74.5,2015-06,257.6658
28.0,74.5,2015-09,258.4964
28.0,74.5,2016-06,258.33328
28.0,74.5,2016-12,258.29175
28.0,74.5,2017-02,257.59552
28.0,74.5,2017-03,258.26898
28.0,74.5,2017-07,257.74384
28.0,74.5,2017-10,257.37363
28.0,74.5,2018-01,258.1449
28.0,74.5,2018-03,257.58304
28.0,74.5,2018-07,256.51273
28.0,74.5,2018-10,259.0115
28.0,74.5,2019-03,256.83038
28.0,74.5,2019-07,256.92993
28.0,74.5,2019-10,256.57465
28.0,74.5,2020-01,258.14825
28.0,74.5,2020-03,256.7211
28.0,74.5,2020-10,257.47733
28.0,74.5,2021-01,254.92867
28.0,74.75,2008-01,264.29324
28.0,74.75,2008-05,264.2855
28.0,74.75,2008-08,264.31052
28.0,74.75,2008-11,264.1703
28.0,74.75,2009-01,264.2633
28.0,74.75,2009-05,264.1662
28.0,74.75,2009-08,264.14047
28.0,74.75,2009-11,264.26572
28.0,74.75,2010-01,264.2063
28.0,74.75,2010-05,264.16718
28.0,74.75,2010-08,263.69272
28.0,74.75,2010-11,264.06488
28.0,74.75,2011-01,263.66614
28.0,74.75,2011-05,263.3503
28.0,74.75,2011-08,263.6502
28.0,74.75,2011-11,262.78458
28.0,74.75,2012-05,263.436
28.0,74.75,2012-11,263.9825
28.0,74.75,2013-01,264.50967
28.0,74.75,2013-02,264.09225
28.0,74.75,2013-06,264.343
28.0,74.75,2013-09,264.46506
28.0,74.75,2013-12,263.9575
28.0,74.75,2014-06,264.6102
28.0,74.75,2014-09,263.4204
28.0,74.75,2014-12,264.39972
28.0,74.75,2015-02,264.47098
28.0,74.75,2015-06,264.23468
28.0,74.75,2015-09,264.75262
28.0,74.75,2015-12,265.12744
28.0,74.75,2016-06,264.90543
28.0,74.75,2016-09,263.88852
28.0,74.75,2016-12,263.79108
28.0,74.75,2017-02,262.7857
28.0,74.75,2017-03,260.41766
28.0,74.75,2017-07,257.597
28.0,74.75,2018-03,256.3075
28.0,74.75,2018-07,256.183
28.0,74.75,2018-10,256.332
28.0,74.75,2019-03,254.027
28.0,74.75,2019-07,253.87502
28.0,75.0,2008-01,265.25354
28.0,75.0,2008-05,265.3459
28.0,75.0,2008-08,265.6578
28.0,75.0,2008-11,265.24063
28.0,75.0,2009-01,265.10654
28.0,75.0,2009-05,265.25375
28.0,75.0,2009-08,265.16302
28.0,75.0,2009-11,265.06924
28.0,75.0,2010-01,266.8075
28.0,75.0,2010-05,265.65143
28.0,75.0,2010-08,262.3089
28.0,75.0,2010-11,265.933
28.0,75.0,2011-01,265.8563
28.0,75.0,2011-05,266.13135
28.0,75.0,2011-08,265.38245
28.0,75.0,2011-11,265.6901
28.0,75.0,2012-01,265.77066
28.0,75.0,2012-05,263.91003
28.0,75.0,2012-11,265.5854
28.0,75.0,2013-01,264.56305
28.0,75.0,2013-02,265.26874
28.0,75.0,2013-06,264.48572
28.0,75.0,2013-09,263.5765
28.0,75.0,2013-12,264.4721
28.0,75.0,2014-02,266.03198
28.0,75.0,2014-06,263.84552
28.0,75.0,2014-09,263.455
28.0,75.0,2014-12,264.12106
28.0,75.0,2015-02,264.09213
28.0,75.0,2015-06,264.05838
28.0,75.0,2015-09,264.29138
28.0,75.0,2015-12,264.26843
28.0,75.0,2016-06,263.53046
28.0,75.0,2016-09,263.77658
28.0,75.0,2016-12,264.08963
28.0,75.0,2017-02,264.2283
28.0,75.0,2017-03,263.88266
28.0,75.0,2017-07,264.14615
28.0,75.0,2017-10,264.0421
28.0,75.0,2018-01,264.35416
28.0,75.0,2018-03,264.28772
28.0,75.0,2018-07,264.0192
28.0,75.0,2018-10,264.17993
28.0,75.0,2019-03,264.40115
28.0,75.0,2019-10,264.0133
28.0,75.0,2020-01,263.98102
28.0,75.0,2020-03,264.16315
28.0,75.0,2020-10,264.2116
28.0,75.0,2021-01,263.75458
28.0,75.25,2008-01,268.29224
28.0,75.25,2008-05,268.548
28.0,75.25,2008-08,268.75192
28.0,75.25,2008-11,268.72012
28.0,75.25,2009-01,267.88046
28.0,75.25,2009-05,268.52118
28.0,75.25,2009-08,267.857
28.0,75.25,2009-11,268.29724
28.0,75.25,2010-01,268.47217
28.0,75.25,2010-05,267.99112
28.0,75.25,2010-08,268.4049
28.0,75.25,2010-11,267.8818
28.0,75.25,2011-01,268.237
28.0,75.25,2011-05,267.68726
28.0,75.25,2011-08,267.74237
28.0,75.25,2011-11,267.65698
28.0,75.25,2012-05,267.6345
28.0,75.25,2012-11,267.32312
28.0,75.25,2013-01,266.99832
28.0,75.25,2013-02,267.31665
28.0,75.25,2013-06,267.20248
28.0,75.25,2013-09,265.20953
28.0,75.25,2013-12,265.9529
28.0,75.25,2014-02,266.75458
28.0,75.25,2014-06,265.73184
28.0,75.25,2014-09,267.21814
28.0,75.25,2014-12,265.3608
28.0,75.25,2015-02,265.0627
28.0,75.25,2015-06,265.82742
28.0,75.25,2015-09,265.18637
28.0,75.25,2015-12,265.42078
28.0,75.25,2016-06,263.7439
28.0,75.25,2016-09,264.96536
28.0,75.25,2016-12,265.24234
28.0,75.25,2017-02,266.217
28.0,75.25,2017-03,265.26862
28.0,75.25,2017-07,265.78003
28.0,75.25,2017-10,264.4052
28.0,75.25,2018-01,264.2072
28.0,75.25,2018-03,264.49518
28.0,75.25,2018-07,263.69138
28.0,75.25,2018-10,264.69043
28.0,75.25,2019-03,264.42435
28.0,75.25,2019-10,265.0201
28.0,75.25,2020-01,264.876
28.0,75.25,2020-03,264.37143
28.0,75.25,2020-10,264.21115
28.0,75.25,2021-01,264.4313
28.0,75.5,2009-01,261.8965
28.0,75.5,2009-05,261.9504
28.0,75.5,2009-08,261.11722
28.0,75.5,2009-11,259.6946
28.0,75.5,2010-01,259.7848
28.0,75.5,2010-05,259.2596
28.0,75.5,2010-08,258.8296
28.0,75.5,2010-11,258.60236
28.0,75.5,2011-01,258.10083
28.0,75.5,2011-05,257.86694
28.0,75.5,2011-08,257.212
28.0,75.5,2011-11,256.95593
28.0,75.5,2012-01,256.50458
28.0,75.5,2012-05,256.43582
28.0,75.5,2012-11,255.59248
28.0,75.5,2013-01,254.89978
28.0,75.5,2013-02,255.32703
28.0,75.5,2013-06,254.44557
28.0,75.5,2013-12,254.95193
28.0,75.5,2014-02,253.87718
28.0,75.5,2014-06,253.08109
28.0,75.5,2014-12,253.59659
28.0,75.5,2015-02,253.26949
28.0,75.5,2015-06,253.468
28.0,75.5,2015-09,252.1585
28.0,75.5,2015-12,251.3951
28.0,75.5,2016-06,251.08371
28.0,75.5,2016-09,249.57005
28.0,75.5,2016-12,251.6645
28.0,75.5,2017-02,250.45804
28.0,75.5,2017-03,251.39464
28.0,75.5,2017-07,249.85875
28.0,75.5,2017-10,247.31432
28.0,75.5,2018-01,245.8686
28.0,75.5,2018-03,247.00444
28.0,75.5,2018-07,246.32465
28.0,75.5,2018-10,250.05086
28.0,75.5,2019-03,247.74437
28.0,75.5,2019-10,246.29803
28.0,75.5,2020-01,247.67265
28.0,75.5,2020-03,244.73653
28.0,75.5,2020-10,246.52043
28.0,75.5,2021-01,246.6968
28.0,75.75,2008-01,235.8811
28.0,75.75,2008-08,234.29605
28.0,75.75,2008-11,234.1897
28.0,75.75,2009-01,234.61147
28.0,75.75,2009-05,234.46156
28.0,75.75,2009-08,231.97653
28.0,75.75,2009-11,232.33815
28.0,75.75,2010-01,233.99545
28.0,75.75,2010-05,232.62817
28.0,75.75,2010-08,230.69232
28.0,75.75,2010-11,230.35675
28.0,75.75,2011-01,230.89087
28.0,75.75,2011-05,228.01111
28.0,75.75,2011-08,227.05173
28.0,75.75,2011-11,226.99129
28.0,75.75,2012-01,228.62015
28.0,75.75,2012-05,227.47263
28.0,75.75,2012-11,226.11804
28.0,75.75,2013-01,224.28929
28.0,75.75,2013-02,226.21819
28.0,75.75,2013-06,227.94104
28.0,75.75,2015-02,229.55914
28.0,75.75,2015-06,223.37494
28.0,75.75,2017-02,217.73434
28.0,75.75,2017-03,219.22578
28.0,76.0,2009-01,280.95596
28.0,76.0,2009-05,282.38846
28.0,76.0,2009-08,283.6808
28.0,76.0,2009-11,284.23477
28.0,76.0,2010-05,283.76578
28.0,76.0,2010-08,283.9114
28.0,76.0,2010-11,284.57562
28.0,76.0,2011-01,284.4926
28.0,76.0,2011-05,284.42218
28.0,76.0,2011-11,284.2461
28.0,76.0,2012-01,284.29156
28.0,76.0,2012-08,284.0091
28.0,76.0,2012-11,284.45276
28.0,76.0,2013-01,285.32935
28.0,76.0,2013-05,284.56293
28.0,76.0,2013-08,284.31564
28.0,76.0,2013-11,284.7364
28.0,76.0,2014-01,285.50775
28.0,76.0,2014-05,285.0124
28.0,76.0,2014-08,285.2344
28.0,76.0,2014-11,284.18845
28.0,76.0,2015-01,284.88614
28.0,76.0,2015-05,284.94327
28.0,76.0,2015-08,286.78772
28.0,76.0,2015-11,284.46323
28.0,76.0,2016-05,284.98843
28.0,76.0,2016-08,284.2158
28.0,76.0,2016-11,286.53214
28.0,76.0,2017-05,284.7557
28.0,76.0,2017-08,286.03284
28.0,76.0,2017-12,284.8171
28.0,76.0,2018-04,284.86234
28.0,76.0,2018-05,283.9687
28.0,76.0,2018-08,286.61157
28.0,76.0,2018-10,285.3187
28.0,76.0,2018-12,285.44162
28.0,76.0,2019-05,283.66077
28.0,76.0,2019-08,285.0685
28.0,76.0,2019-10,284.85983
28.0,76.0,2020-08,285.6887
28.0,76.0,2020-11,286.6794
28.0,76.0,2021-01,285.04788
28.0,76.25,2008-05,238.70006
28.0,76.25,2008-08,240.14467
28.0,76.25,2008-11,238.37375
28.0,76.25,2009-01,235.82957
28.0,76.25,2009-05,236.8827
28.0,76.25,2009-08,236.50314
28.0,76.25,2009-11,234.61693
28.0,76.25,2010-01,235.84886
28.0,76.25,2010-08,235.5974
28.0,76.25,2010-11,233.85707
28.0,76.25,2011-01,233.68901
28.0,76.25,2011-05,232.87776
28.0,76.25,2011-08,231.60043
28.0,76.25,2011-11,231.65242
28.0,76.25,2012-01,230.67065
28.0,76.25,2012-05,229.68779
28.0,76.25,2012-11,230.01013
28.0,76.25,2013-01,228.81296
28.0,76.25,2013-05,227.96791
28.0,76.25,2013-08,227.74738
28.0,76.25,2013-11,227.85168
28.0,76.25,2014-01,226.52074
28.0,76.25,2014-05,225.07547
28.0,76.25,2014-08,224.87105
28.0,76.25,2014-11,223.96915
28.0,76.25,2015-01,221.55412
28.0,76.25,2015-05,222.00954
28.0,76.25,2015-08,221.8442
28.0,76.25,2015-11,219.89668
28.0,76.25,2016-08,219.69992
28.0,76.25,2017-11,220.68001
28.0,76.25,2018-01,217.52525
28.0,76.25,2018-05,215.15454
28.0,76.5,2008-01,222.35739
28.0,76.5,2008-05,222.25204
28.0,76.5,2008-08,222.43217
28.0,76.5,2009-01,222.48087
28.0,76.5,2009-05,221.7945
28.0,76.5,2009-08,221.75157
28.0,76.5,2009-11,221.97661
28.0,76.5,2010-01,221.93408
28.0,76.5,2010-05,221.9242
28.0,76.5,2010-08,221.89116
28.0,76.5,2010-11,222.29306
28.0,76.5,2011-01,222.20166
28.0,76.5,2011-05,221.73222
28.0,76.5,2011-08,221.66402
28.0,76.5,2011-11,222.33737
28.0,76.5,2012-01,221.71288
28.0,76.5,2012-05,221.4089
28.0,76.5,2012-11,221.67776
28.0,76.5,2013-01,222.46408
28.0,76.5,2013-02,221.41216
28.0,76.5,2013-06,221.65189
28.0,76.5,2013-09,221.84946
28.0,76.5,2013-12,221.99326
28.0,76.5,2014-02,221.23285
28.0,76.5,2014-06,220.90883
28.0,76.5,2014-09,220.96713
28.0,76.5,2014-12,221.32184
28.0,76.5,2015-02,220.74239
28.0,76.5,2015-06,220.48158
28.0,76.5,2015-09,221.15062
28.0,76.5,2015-12,220.98709
28.0,76.5,2016-06,221.04442
28.0,76.5,2016-09,220.31107
28.0,76.5,2016-12,221.24084
28.0,76.5,2017-02,220.66472
28.0,76.5,2017-03,220.39182
28.0,76.5,2017-07,220.04794
28.0,76.5,2017-10,217.47438
28.0,76.5,2018-01,217.96179
28.0,76.5,2018-03,219.81693
28.0,76.5,2018-07,218.50682
28.0,76.75,2008-01,247.9555
28.0,76.75,2008-05,247.81071
28.0,76.75,2008-08,248.05115
28.0,76.75,2009-01,245.72928
28.0,76.75,2009-05,247.34526
28.0,76.75,2009-08,245.70871
28.0,76.75,2009-11,247.14458
28.0,76.75,2010-01,246.60887
28.0,76.75,2010-05,246.26283
28.0,76.75,2010-08,247.4405
28.0,76.75,2010-11,246.50768
28.0,76.75,2011-01,247.06967
28.0,76.75,2011-05,246.34424
28.0,76.75,2011-08,246.42317
28.0,76.75,2011-11,246.47777
28.0,76.75,2012-01,246.54555
28.0,76.75,2012-05,246.49556
28.0,76.75,2012-11,246.48784
28.0,76.75,2013-01,246.8705
28.0,76.75,2013-02,247.06142
28.0,76.75,2013-06,246.91963
28.0,76.75,2013-09,246.51675
28.0,76.75,2013-12,246.73355
28.0,76.75,2014-02,246.17606
28.0,76.75,2014-06,246.18187
28.0,76.75,2014-09,245.47212
28.0,76.75,2014-12,244.75018
28.0,76.75,2015-02,244.44446
28.0,76.75,2015-06,244.36392
28.0,76.75,2015-09,244.21051
28.0,76.75,2015-12,244.54639
28.0,76.75,2016-06,244.16681
28.0,76.75,2016-09,243.51501
28.0,76.75,2017-07,241.56337
28.0,76.75,2017-10,240.24574
28.0,76.75,2018-01,239.44182
28.0,76.75,2018-03,239.07556
28.0,76.75,2018-07,238.90279
28.0,76.75,2018-10,237.59792
28.0,76.75,2019-03,239.09576
28.0,76.75,2019-07,236.48415
28.0,76.75,2019-10,234.79004
28.0,76.75,2020-01,237.6205
28.0,76.75,2020-03,237.1173
28.0,76.75,2020-10,238.225
28.0,76.75,2021-01,238.38962
28.0,77.0,2008-01,215.04736
28.0,77.0,2008-05,214.97763
28.0,77.0,2008-08,214.91553
28.0,77.0,2008-11,215.35347
28.0,77.0,2009-01,215.01828
28.0,77.0,2009-05,215.29555
28.0,77.0,2009-08,215.34125
28.0,77.0,2009-11,215.29506
28.0,77.0,2010-01,215.52586
28.0,77.0,2010-05,215.2478
28.0,77.0,2010-08,215.43321
28.0,77.0,2010-11,215.97154
28.0,77.0,2011-01,216.4818
28.0,77.0,2011-05,215.9313
28.0,77.0,2011-08,216.08476
28.0,77.0,2011-11,216.43768
28.0,77.0,2012-11,216.76065
28.0,77.0,2013-05,215.71156
28.0,77.0,2013-08,215.15828
28.0,77.0,2013-11,216.34416
28.0,77.0,2014-05,215.98767
28.0,77.0,2014-08,215.21892
28.0,77.0,2014-11,215.76266
28.0,77.0,2015-05,216.19408
28.0,77.0,2015-11,215.99164
28.0,77.0,2016-05,215.66083
28.0,77.0,2016-08,215.4493
28.0,77.0,2016-11,216.33443
28.0,77.0,2017-05,215.74655
28.0,77.0,2017-08,216.3975
28.0,77.0,2017-11,215.71024
28.0,77.0,2017-12,215.84357
28.0,77.0,2018-04,215.56798
28.0,77.0,2018-05,215.36517
28.0,77.0,2018-08,215.38603
28.0,77.0,2018-10,215.68318
28.0,77.0,2018-12,215.2316
28.0,77.0,2019-05,215.46605
28.0,77.0,2019-08,215.78148
28.0,77.0,2019-10,215.71721
28.0,77.0,2020-08,215.53302
28.0,77.0,2020-11,215.88643
28.0,77.0,2021-01,215.71022
28.0,77.25,2008-08,189.41118
28.0,77.25,2008-11,189.82347
28.0,77.25,2009-01,189.54742
28.0,77.25,2009-05,190.25847
28.0,77.25,2009-08,189.99681
28.0,77.25,2009-11,189.49438
28.0,77.25,2010-01,189.57573
28.0,77.25,2010-05,189.55452
28.0,77.25,2010-08,189.05283
28.0,77.25,2010-11,189.51149
28.0,77.25,2011-01,189.60863
28.0,77.25,2011-05,189.84966
28.0,77.25,2011-08,190.00647
28.0,77.25,2011-11,189.89914
28.0,77.25,2012-08,190.08727
28.0,77.25,2012-11,189.17932
28.0,77.25,2013-05,190.6055
28.0,77.25,2013-08,190.73178
28.0,77.25,2013-11,191.77028
28.0,77.25,2014-05,190.68799
28.0,77.25,2014-11,191.6117
28.0,77.25,2015-01,191.74753
28.0,77.25,2015-05,190.54395
28.0,77.25,2015-11,189.1813
28.0,77.25,2016-05,189.24724
28.0,77.25,2016-08,190.32713
28.0,77.25,2016-11,190.11002
28.0,77.25,2017-01,191.18999
28.0,77.25,2017-05,192.13475
28.0,77.25,2017-08,191.37033
28.0,77.25,2017-11,191.95464
28.0,77.25,2017-12,191.2468
28.0,77.25,2018-04,190.1354
28.0,77.25,2018-05,191.0495
28.0,77.25,2018-08,191.68782
28.0,77.25,2018-10,192.02159
28.0,77.25,2018-12,191.95308
28.0,77.25,2019-05,191.57962
28.0,77.25,2019-08,191.1129
28.0,77.25,2019-10,191.32567
28.0,77.25,2020-08,191.49962
28.0,77.25,2020-11,190.22116
28.0,77.25,2021-01,189.4123
28.0,77.5,2013-11,185.22026
28.0,77.5,2014-01,184.56914
28.0,77.5,2014-05,184.71892
28.0,77.5,2014-08,184.37181
28.0,77.5,2015-01,184.94496
28.0,77.5,2015-05,184.82881
28.0,77.5,2015-08,184.84955
28.0,77.5,2015-11,185.27766
28.0,77.5,2016-06,184.40901
28.0,77.5,2016-09,185.04913
28.0,77.5,2016-12,185.22299
28.0,77.5,2017-02,184.40488
28.0,77.5,2017-06,184.75742
28.0,77.5,2017-09,184.4961
28.0,77.5,2017-12,184.4604
28.0,77.5,2018-02,184.1843
28.0,77.5,2018-06,184.0359
28.0,77.5,2018-09,185.56975
28.0,77.5,2018-12,183.31657
28.0,77.5,2019-02,183.9854
28.0,77.5,2019-06,182.81346
28.0,77.5,2019-09,184.16801
28.0,77.5,2019-12,184.71756
28.0,77.5,2020-02,184.14626
28.0,77.75,2015-11,188.25696
28.0,77.75,2016-12,188.31854
28.0,77.75,2017-02,188.13719
28.0,77.75,2017-09,188.00061
28.0,77.75,2017-12,187.85902
28.0,77.75,2018-02,187.70203
28.0,77.75,2019-02,187.4293
28.0,77.75,2019-06,187.9008
28.0,77.75,2019-09,187.51036
28.0,77.75,2019-12,187.3426
28.0,77.75,2020-02,187.15176
28.0,77.75,2020-12,186.88019
28.0,78.0,2008-01,194.011
28.0,78.0,2008-05,193.9533
28.0,78.0,2008-08,194.38135
28.0,78.0,2008-11,194.56734
28.0,78.0,2009-01,194.18951
28.0,78.0,2009-05,193.87965
28.0,78.0,2009-08,194.037
28.0,78.0,2009-11,194.1538
28.0,78.0,2010-01,194.12488
28.0,78.0,2010-05,193.40823
28.0,78.0,2010-08,193.60408
28.0,78.0,2010-11,193.55145
28.0,78.0,2011-01,192.43541
28.0,78.0,2011-05,192.86346
28.0,78.0,2011-08,193.70511
28.0,78.0,2011-11,194.10828
28.0,78.0,2012-01,193.92018
28.0,78.0,2012-05,193.3769
28.0,78.0,2012-11,193.74434
28.0,78.0,2013-01,194.42163
28.0,78.0,2013-05,193.64633
28.0,78.0,2013-08,193.9294
28.0,78.0,2013-11,195.37991
28.0,78.0,2014-01,194.55013
28.0,78.0,2014-05,194.55475
28.0,78.0,2014-08,194.42094
28.0,78.0,2015-05,194.47833
28.0,78.0,2015-08,194.61165
28.0,78.0,2015-11,194.56233
28.0,78.0,2016-06,195.22018
28.0,78.0,2016-09,194.79684
28.0,78.0,2016-12,194.76602
28.0,78.0,2017-02,194.63602
28.0,78.0,2017-06,194.5624
28.0,78.0,2017-12,194.29219
28.0,78.0,2018-02,194.27101
28.0,78.0,2019-06,193.76384
28.0,78.25,2008-01,182.9328
28.0,78.25,2008-05,183.0093
28.0,78.25,2008-08,183.1717
28.0,78.25,2008-11,182.96129
28.0,78.25,2009-01,183.12642
28.0,78.25,2009-05,182.75694
28.0,78.25,2009-08,182.32997
28.0,78.25,2010-01,182.0139
28.0,78.25,2010-05,181.89511
28.0,78.25,2010-08,182.81578
28.0,78.25,2010-11,183.3546
28.0,78.25,2011-01,183.091
28.0,78.25,2011-05,183.45116
28.0,78.25,2011-08,183.22655
28.0,78.25,2011-11,183.10475
28.0,78.25,2012-01,183.67805
28.0,78.25,2012-05,183.26366
28.0,78.25,2012-11,182.64618
28.0,78.25,2013-01,182.51999
28.0,78.25,2013-05,182.21281
28.0,78.25,2013-08,182.73642
28.0,78.25,2013-11,182.96172
28.0,78.25,2014-01,182.9886
28.0,78.25,2014-05,182.87474
28.0,78.25,2014-08,182.64418
28.0,78.25,2015-01,183.18715
28.0,78.25,2015-05,182.58612
28.0,78.25,2015-08,183.9515
28.0,78.25,2015-11,183.27577
28.0,78.25,2016-09,183.05157
28.0,78.25,2016-12,183.08195
28.0,78.25,2017-02,182.95193
28.0,78.25,2017-09,182.7572
28.0,78.25,2018-09,182.80238
28.0,78.25,2018-12,182.40407
28.0,78.25,2019-02,181.95096
28.0,78.25,2019-09,183.17656
28.0,78.25,2019-12,183.03085
28.0,78.25,2020-02,182.79439
28.0,78.5,2008-05,174.11957
28.0,78.5,2008-08,174.46431
28.0,78.5,2008-11,174.42932
28.0,78.5,2009-01,174.79593
28.0,78.5,2009-05,174.2174
28.0,78.5,2009-08,174.84868
28.0,78.5,2009-11,172.23048
28.0,78.5,2010-01,172.78587
28.0,78.75,2011-08,168.2635
28.0,78.75,2011-11,168.49493
28.0,78.75,2012-01,168.2192
28.0,78.75,2012-05,167.88306
28.0,78.75,2012-11,167.59512
28.0,78.75,2013-01,167.54851
28.0,78.75,2013-05,166.73425
28.0,78.75,2013-08,167.18135
28.0,78.75,2013-11,166.93318
28.0,78.75,2014-01,167.88318
28.0,78.75,2014-05,167.48476
28.0,78.75,2014-08,166.98996
28.0,78.75,2015-05,168.51167
28.0,79.0,2015-11,162.3451
28.0,79.0,2016-01,161.9024
28.0,79.0,2016-02,161.71004
28.0,79.0,2016-06,161.37115
28.0,79.0,2016-09,162.03693
28.0,79.0,2016-12,161.17317
28.0,79.0,2017-02,161.61938
28.0,79.0,2017-06,161.48688
28.0,79.0,2017-09,161.25946
28.0,79.0,2017-12,160.86865
28.0,79.0,2018-02,160.87268
28.0,79.0,2018-06,160.63014
28.0,79.0,2018-09,160.44307
28.0,79.0,2018-12,160.44083
28.0,79.0,2019-02,160.15872
28.0,79.0,2019-06,160.0705
28.0,79.0,2019-09,159.84111
28.0,79.0,2019-12,160.03352
28.0,79.0,2020-02,159.71584
28.0,79.0,2020-12,159.33888
28.0,79.25,2008-01,158.27043
28.0,79.25,2008-05,157.95702
28.0,79.25,2008-08,158.88606
28.0,79.25,2008-11,159.38176
28.0,79.25,2009-01,159.1623
28.0,79.25,2009-05,159.03256
28.0,79.25,2009-08,159.83429
28.0,79.25,2009-11,158.41258
28.0,79.25,2010-01,158.46043
28.0,79.25,2010-05,158.362
28.0,79.25,2010-08,159.84496
28.0,79.25,2010-11,160.64153
28.0,79.25,2011-01,160.70332
28.0,79.25,2011-05,160.12752
28.0,79.25,2011-08,161.19254
28.0,79.25,2011-11,161.4395
28.0,79.25,2012-01,160.00162
28.0,79.25,2012-05,159.08768
28.0,79.25,2012-11,160.54552
28.0,79.25,2013-01,158.27179
28.0,79.25,2013-05,157.87836
28.0,79.25,2013-08,158.23648
28.0,79.25,2013-11,159.30302
28.0,79.25,2014-01,159.05342
28.0,79.25,2014-05,158.78717
28.0,79.25,2014-08,158.3799
28.0,79.25,2015-01,158.60147
28.0,79.25,2015-05,158.27911
28.0,79.25,2015-08,156.69005
28.0,79.5,2009-05,160.23369
28.0,79.5,2009-08,160.821
28.0,79.5,2009-11,162.07646
28.0,79.5,2010-01,161.40297
28.0,79.5,2010-05,161.93944
28.0,79.5,2010-11,163.81644
28.0,79.5,2011-01,163.15038
28.0,79.5,2011-05,162.0226
28.0,79.5,2011-08,163.59741
28.0,79.5,2011-11,164.14131
28.0,79.5,2012-05,162.82565
28.0,79.75,2018-12,162.18391
28.0,79.75,2019-09,162.92247
28.0,79.75,2019-12,163.07645
28.0,79.75,2020-02,162.72766
28.0,80.0,2008-05,162.3139
28.0,80.0,2008-08,162.69615
28.0,80.0,2008-11,164.18103
28.0,80.0,2009-01,164.66585
28.0,80.0,2009-05,162.97546
28.0,80.0,2009-08,164.1705
28.0,80.0,2009-11,163.68929
28.0,80.0,2010-01,163.42503
28.0,80.0,2010-05,164.01738
28.0,80.0,2010-08,163.69194
28.0,80.0,2010-11,165.39594
28.0,80.0,2011-01,164.24884
28.0,80.0,2011-05,162.60934
28.0,80.0,2011-08,163.32289
28.0,80.0,2011-11,164.93626
28.0,80.0,2012-01,164.0888
28.0,80.0,2012-05,162.37996
28.0,80.0,2012-11,164.41171
28.0,80.0,2013-01,164.3295
28.0,80.0,2013-05,163.2822
28.0,80.0,2013-08,161.82698
28.0,80.0,2013-11,164.14102
28.0,80.0,2014-01,165.16574
28.0,80.0,2014-05,161.74413
28.0,80.0,2014-08,163.61313
28.0,80.0,2015-01,163.34315
28.0,80.0,2015-05,163.27516
28.0,80.0,2015-08,160.67178
28.0,80.75,2019-12,138.90253
28.0,80.75,2020-02,138.9363
28.0,80.75,2020-09,139.12967
28.0,80.75,2020-12,138.99399
28.0,81.25,2008-01,146.74178
28.0,81.25,2008-05,146.1748
28.0,81.25,2008-08,147.45073
28.0,81.25,2008-11,146.70107
28.0,81.25,2009-01,146.59557
28.0,81.25,2009-05,146.22923
28.0,81.25,2009-08,147.48346
28.0,81.25,2009-11,146.77892
28.0,81.25,2010-01,146.6133
28.0,81.25,2010-05,146.27701
28.0,81.25,2010-08,147.70836
28.0,81.25,2010-11,146.74945
28.0,81.25,2011-01,146.7092
28.0,81.25,2011-05,146.3103
28.0,81.25,2011-08,147.48874
28.0,81.25,2011-11,146.59163
28.0,81.25,2012-01,146.71269
28.0,81.25,2012-05,146.28922
28.0,81.25,2012-11,147.3299
28.0,81.25,2013-05,146.59775
28.0,81.25,2013-08,146.88263
28.0,81.25,2013-11,146.39037
28.0,81.25,2014-01,146.7338
28.0,81.25,2014-05,145.91628
28.0,81.25,2014-08,147.35918
28.0,81.25,2015-01,146.62192
28.0,81.25,2015-05,146.61092
28.0,81.25,2015-08,146.24367
28.0,81.25,2015-11,147.12129
28.0,81.25,2016-06,145.68973
28.0,81.25,2016-09,147.04071
28.0,81.25,2016-12,146.94171
28.0,81.25,2017-02,146.14261
28.0,81.25,2017-06,145.97105
28.0,81.25,2017-09,147.14618
28.0,81.25,2017-12,146.62044
28.0,81.25,2018-02,146.33376
28.0,81.25,2018-06,146.20615
28.0,81.25,2018-09,147.22774
28.0,81.25,2018-12,146.60234
28.0,81.25,2019-02,146.4452
28.0,81.25,2019-06,146.09447
28.0,81.25,2019-09,147.2626
28.0,81.25,2019-12,146.6078
28.0,81.25,2020-02,146.77118
28.0,81.25,2020-09,146.20045
28.0,81.25,2020-12,146.4464
28.25,72.25,2008-01,110.01251
28.25,72.25,2008-05,109.95463
28.25,72.25,2008-08,109.3452
28.25,72.25,2008-11,110.12638
28.25,72.25,2009-01,110.27688
28.25,72.25,2009-05,110.08946
28.25,72.25,2009-08,110.73431
28.25,72.25,2009-11,110.23728
28.25,72.25,2010-01,110.58814
28.25,72.25,2010-05,109.66241
28.25,72.25,2010-08,109.9828
28.25,72.25,2010-11,110.32012
28.25,72.25,2011-01,110.36413
28.25,72.25,2011-05,110.45612
28.25,72.25,2011-08,110.75974
28.25,72.25,2011-11,110.37286
28.25,72.25,2012-01,110.12955
28.25,72.25,2012-11,110.199684
28.25,72.25,2013-06,110.746635
28.25,72.25,2013-09,111.050125
28.25,72.25,2013-12,110.38813
28.25,72.25,2014-06,110.827255
28.25,72.25,2014-09,110.77416
28.25,72.25,2014-12,110.84935
28.25,72.25,2015-02,110.815506
28.25,72.25,2015-06,111.00641
28.25,72.25,2015-09,110.667984
28.25,72.25,2015-12,110.87935
28.25,72.25,2016-06,111.25796
28.25,72.25,2016-09,111.35514
28.25,72.25,2016-12,110.69945
28.25,72.25,2017-02,111.62511
28.25,72.25,2017-03,111.15038
28.25,72.25,2017-07,111.15485
28.25,72.25,2017-10,110.66009
28.25,72.25,2018-01,110.25832
28.25,72.25,2018-03,110.98567
28.25,72.25,2018-07,109.95261
28.25,72.5,2008-01,126.121185
28.25,72.5,2008-05,126.05798
28.25,72.5,2008-08,126.273674
28.25,72.5,2008-11,126.28768
28.25,72.5,2009-01,126.1241
28.25,72.5,2009-05,126.02897
28.25,72.5,2009-08,126.22726
28.25,72.5,2009-11,130.168
28.25,72.5,2010-01,128.1857
28.25,72.5,2010-05,123.08077
28.25,72.5,2010-08,121.03463
28.25,72.5,2010-11,125.10765
28.25,72.5,2011-01,122.489914
28.25,72.5,2011-05,123.79323
28.25,72.5,2011-08,119.274025
28.25,72.5,2011-11,121.93079
28.25,72.5,2012-01,127.630844
28.25,72.5,2012-05,125.82538
28.25,72.5,2012-11,122.30225
28.25,72.5,2013-01,126.085724
28.25,72.5,2013-02,126.07234
28.25,72.5,2013-06,126.08474
28.25,72.5,2013-09,126.17335
28.25,72.5,2013-12,126.05223
28.25,72.5,2014-02,126.007126
28.25,72.5,2014-06,126.026474
28.25,72.5,2014-09,126.063576
28.25,72.5,2014-12,126.06793
28.25,72.5,2015-02,126.10014
28.25,72.5,2015-06,126.09834
28.25,72.5,2015-12,126.13531
28.25,72.5,2017-02,126.188484
28.25,72.5,2017-03,126.80933
28.25,72.75,2008-01,151.16188
28.25,72.75,2008-05,151.15186
28.25,72.75,2008-08,151.46072
28.25,72.75,2008-11,151.41492
28.25,72.75,2009-01,152.33965
28.25,72.75,2009-05,152.01167
28.25,72.75,2009-08,152.07736
28.25,72.75,2009-11,152.98529
28.25,72.75,2010-01,152.55666
28.25,72.75,2010-08,153.25838
28.25,72.75,2010-11,153.1098
28.25,72.75,2011-01,153.4263
28.25,72.75,2011-05,153.6508
28.25,72.75,2011-08,153.53572
28.25,72.75,2011-11,153.83083
28.25,72.75,2012-01,154.03458
28.25,72.75,2012-05,154.18892
28.25,72.75,2012-11,154.39972
28.25,72.75,2013-01,153.90883
28.25,72.75,2013-02,154.54688
28.25,72.75,2013-06,154.23329
28.25,72.75,2013-09,154.39832
28.25,72.75,2013-12,154.206
28.25,72.75,2014-06,154.54755
28.25,72.75,2014-09,154.23082
28.25,72.75,2014-12,154.64297
28.25,72.75,2015-02,154.60956
28.25,72.75,2015-06,154.7794
28.25,72.75,2015-12,154.45152
28.25,72.75,2016-06,154.77219
28.25,72.75,2016-09,154.6893
28.25,72.75,2016-12,154.60602
28.25,72.75,2017-02,154.89488
28.25,72.75,2017-03,154.81853
28.25,72.75,2017-07,154.68262
28.25,72.75,2017-10,155.00096
28.25,72.75,2018-01,154.6409
28.25,72.75,2018-03,154.72533
28.25,72.75,2018-07,154.41513
28.25,73.0,2008-01,141.8928
28.25,73.0,2008-05,141.93474
28.25,73.0,2008-08,141.2139
28.25,73.0,2008-11,142.03499
28.25,73.0,2009-01,141.9842
28.25,73.0,2009-05,142.45854
28.25,73.0,2009-08,142.94623
28.25,73.0,2009-11,141.73792
28.25,73.0,2010-01,140.98853
28.25,73.0,2011-08,141.01512
28.25,73.0,2011-11,140.71906
28.25,73.0,2012-01,140.53442
28.25,73.0,2012-05,141.85599
28.25,73.0,2012-11,143.97559
28.25,73.0,2013-01,143.77866
28.25,73.0,2013-02,142.41374
28.25,73.0,2013-06,138.1672
28.25,73.0,2013-09,140.9525
28.25,73.0,2013-12,141.85631
28.25,73.0,2014-02,141.61473
28.25,73.0,2014-06,142.95622
28.25,73.0,2014-09,142.5305
28.25,73.0,2014-12,143.29979
28.25,73.0,2015-02,140.43947
28.25,73.0,2015-06,142.85513
28.25,73.0,2015-09,140.81392
28.25,73.0,2015-12,140.45819
28.25,73.0,2016-06,143.38431
28.25,73.0,2016-09,141.72496
28.25,73.0,2016-12,141.87555
28.25,73.0,2017-02,142.4618
28.25,73.0,2017-03,141.94365
28.25,73.0,2017-07,142.48271
28.25,73.0,2017-10,141.54182
28.25,73.0,2018-01,141.58148
28.25,73.0,2018-07,141.43228
28.25,73.0,2018-10,142.95898
28.25,73.0,2019-03,141.68604
28.25,73.0,2019-07,141.87401
28.25,73.0,2019-10,142.04025
28.25,73.0,2020-01,141.09303
28.25,73.0,2020-03,141.7538
28.25,73.0,2020-10,142.95363
28.25,73.0,2021-01,142.41357
28.25,73.25,2008-01,174.85541
28.25,73.25,2008-05,174.79953
28.25,73.25,2008-08,174.47923
28.25,73.25,2008-11,173.9632
28.25,73.25,2009-01,173.74664
28.25,73.25,2009-05,174.35062
28.25,73.25,2009-08,173.85002
28.25,73.25,2009-11,175.07407
28.25,73.25,2010-01,173.63846
28.25,73.25,2010-05,173.46396
28.25,73.25,2010-08,173.86081
28.25,73.25,2010-11,174.13504
28.25,73.25,2011-01,173.72098
28.25,73.25,2011-05,174.2739
28.25,73.25,2011-08,174.05685
28.25,73.25,2011-11,174.32053
28.25,73.25,2012-01,174.15532
28.25,73.25,2012-05,174.37308
28.25,73.25,2012-11,174.36407
28.25,73.25,2013-01,174.46336
28.25,73.25,2013-02,174.44167
28.25,73.25,2013-06,174.34938
28.25,73.25,2013-09,174.2728
28.25,73.25,2013-12,174.86455
28.25,73.25,2014-02,174.43393
28.25,73.25,2014-06,172.59572
28.25,73.25,2014-09,174.58543
28.25,73.25,2014-12,174.53719
28.25,73.25,2015-02,174.5429
28.25,73.25,2015-06,174.06978
28.25,73.25,2015-09,174.70027
28.25,73.25,2015-12,174.7788
28.25,73.25,2016-06,175.36082
28.25,73.25,2016-09,174.49635
28.25,73.25,2016-12,174.34027
28.25,73.25,2017-02,174.96667
28.25,73.25,2017-03,175.01004
28.25,73.25,2017-07,174.8169
28.25,73.25,2017-10,174.64449
28.25,73.25,2018-01,174.29848
28.25,73.25,2018-03,174.44833
28.25,73.25,2018-07,174.93958
28.25,73.25,2018-10,173.8609
28.25,73.25,2019-03,174.67699
28.25,73.25,2019-07,173.87883
28.25,73.25,2019-10,173.33527
28.25,73.25,2020-01,172.78915
28.25,73.25,2020-03,173.89153
28.25,73.25,2020-10,173.1516
28.25,73.25,2021-01,171.27087
28.25,73.5,2019-10,198.10036
28.25,73.5,2020-01,198.76683
28.25,73.5,2020-03,198.65488
28.25,73.5,2020-10,198.2716
28.25,73.5,2021-01,198.29814
28.25,73.75,2008-11,167.53029
28.25,73.75,2009-05,166.09404
28.25,73.75,2009-08,165.8953
28.25,73.75,2009-11,168.377
28.25,73.75,2010-01,169.70677
28.25,73.75,2010-05,166.40149
28.25,73.75,2010-08,165.63348
28.25,73.75,2010-11,164.21568
28.25,73.75,2011-01,169.44197
28.25,73.75,2011-08,166.08588
28.25,73.75,2011-11,170.38156
28.25,73.75,2012-01,170.70973
28.25,73.75,2012-05,172.40224
28.25,73.75,2013-01,172.9811
28.25,73.75,2013-02,173.13599
28.25,73.75,2013-06,172.06953
28.25,73.75,2013-09,171.2228
28.25,73.75,2013-12,166.788
28.25,73.75,2014-02,167.02013
28.25,73.75,2014-06,166.95001
28.25,73.75,2014-09,172.86192
28.25,73.75,2015-02,168.83328
28.25,73.75,2015-06,171.58784
28.25,73.75,2015-09,170.83415
28.25,73.75,2015-12,166.20735
28.25,73.75,2016-06,166.20677
28.25,73.75,2016-09,166.90495
28.25,73.75,2016-12,166.32802
28.25,73.75,2017-02,165.6113
28.25,73.75,2017-03,166.80115
28.25,73.75,2017-07,166.65701
28.25,73.75,2017-10,162.04323
28.25,73.75,2018-01,161.16055
28.25,73.75,2018-03,163.79329
28.25,73.75,2018-07,166.58168
28.25,73.75,2018-10,161.93712
28.25,73.75,2019-03,161.6099
28.25,73.75,2019-07,160.30406
28.25,73.75,2019-10,160.71509
28.25,73.75,2020-03,159.84012
28.25,73.75,2020-10,159.96501
28.25,73.75,2021-01,159.01021
28.25,74.0,2008-01,163.92104
28.25,74.0,2008-05,165.21355
28.25,74.0,2008-08,165.11876
28.25,74.0,2008-11,163.51114
28.25,74.0,2009-01,164.57118
28.25,74.0,2009-05,162.68527
28.25,74.0,2009-08,161.83832
28.25,74.0,2009-11,162.83018
28.25,74.0,2010-01,163.04747
28.25,74.0,2010-05,164.67696
28.25,74.0,2010-08,163.32292
28.25,74.0,2010-11,163.86165
28.25,74.0,2011-01,163.83899
28.25,74.0,2011-05,163.3197
28.25,74.0,2011-08,163.09618
28.25,74.0,2011-11,165.31847
28.25,74.0,2012-01,163.39383
28.25,74.0,2012-05,165.74222
28.25,74.0,2012-11,163.87447
28.25,74.0,2013-01,164.28703
28.25,74.0,2013-02,164.06766
28.25,74.0,2013-06,164.07706
28.25,74.0,2013-09,164.28038
28.25,74.0,2013-12,165.19908
28.25,74.0,2014-06,164.95212
28.25,74.0,2014-09,165.52885
28.25,74.0,2014-12,164.641
28.25,74.0,2015-02,164.63141
28.25,74.0,2015-06,164.19223
28.25,74.0,2015-12,164.84953
28.25,74.0,2017-02,165.06792
28.25,74.0,2017-03,162.42146
28.25,74.0,2018-03,160.73813
28.25,74.0,2019-10,157.46938
28.25,74.0,2020-01,159.28981
28.25,74.0,2020-03,158.89809
28.25,74.25,2008-01,194.90392
28.25,74.25,2008-05,197.04552
28.25,74.25,2008-08,194.96632
28.25,74.25,2008-11,197.34348
28.25,74.25,2009-01,197.29662
28.25,74.25,2009-05,194.43297
28.25,74.25,2009-08,196.52141
28.25,74.25,2009-11,194.98643
28.25,74.25,2010-01,193.66537
28.25,74.25,2010-05,196.61414
28.25,74.25,2010-08,193.90347
28.25,74.25,2010-11,196.02274
28.25,74.25,2011-01,196.12071
28.25,74.25,2011-05,195.78828
28.25,74.25,2011-08,196.38234
28.25,74.25,2011-11,195.97647
28.25,74.25,2012-01,196.79388
28.25,74.25,2012-05,196.34032
28.25,74.25,2012-11,196.71873
28.25,74.25,2013-01,196.56744
28.25,74.25,2013-02,196.87381
28.25,74.25,2013-06,195.97798
28.25,74.25,2013-09,197.32018
28.25,74.25,2013-12,196.12628
28.25,74.25,2014-02,197.7543
28.25,74.25,2014-06,196.43832
28.25,74.25,2014-09,198.48524
28.25,74.25,2014-12,197.05598
28.25,74.25,2015-02,195.15796
28.25,74.25,2015-06,195.893
28.25,74.25,2015-09,194.32208
28.25,74.25,2015-12,193.91318
28.25,74.25,2016-06,197.81438
28.25,74.25,2016-09,197.14078
28.25,74.25,2016-12,198.62076
28.25,74.25,2017-02,198.69633
28.25,74.25,2017-03,199.13075
28.25,74.25,2017-07,194.93286
28.25,74.25,2017-10,195.81783
28.25,74.25,2018-01,194.98016
28.25,74.25,2018-03,192.67253
28.25,74.25,2018-07,195.65027
28.25,74.5,2009-01,204.36845
28.25,74.5,2009-05,199.82971
28.25,74.5,2009-08,203.3559
28.25,74.5,2009-11,200.90985
28.25,74.5,2010-01,198.92184
28.25,74.5,2010-05,202.36798
28.25,74.5,2015-06,201.34074
28.25,74.5,2015-09,194.92313
28.25,74.5,2015-12,202.67986
28.25,74.5,2017-02,190.60368
28.25,74.5,2017-03,183.9953
28.25,74.5,2018-03,203.92519
28.25,74.75,2008-01,227.34866
28.25,74.75,2008-05,228.48456
28.25,74.75,2008-08,227.65546
28.25,74.75,2008-11,228.39557
28.25,74.75,2009-01,228.3193
28.25,74.75,2009-05,227.4213
28.25,74.75,2009-08,227.80505
28.25,74.75,2009-11,228.0446
28.25,74.75,2010-01,228.09901
28.25,74.75,2010-05,228.00871
28.25,74.75,2010-08,228.81575
28.25,74.75,2010-11,226.54431
28.25,74.75,2011-01,227.97238
28.25,74.75,2011-05,227.62979
28.25,74.75,2011-08,225.71373
28.25,74.75,2011-11,229.52219
28.25,74.75,2012-01,226.90099
28.25,74.75,2012-05,228.06865
28.25,74.75,2012-11,227.28313
28.25,74.75,2013-01,227.92145
28.25,74.75,2013-02,227.00616
28.25,74.75,2013-06,228.86803
28.25,74.75,2013-09,227.19003
28.25,74.75,2014-02,227.99686
28.25,74.75,2014-06,227.41539
28.25,74.75,2014-09,226.39005
28.25,74.75,2015-02,226.87135
28.25,74.75,2015-06,227.88788
28.25,74.75,2015-09,228.49269
28.25,74.75,2015-12,227.73795
28.25,74.75,2016-06,229.86499
28.25,74.75,2016-09,225.18523
28.25,74.75,2016-12,227.34746
28.25,74.75,2017-02,225.5706
28.25,74.75,2017-03,227.65417
28.25,74.75,2017-07,225.24466
28.25,74.75,2017-10,226.40744
28.25,74.75,2018-01,229.41826
28.25,74.75,2018-03,225.72527
28.25,74.75,2018-07,232.10735
28.25,74.75,2018-10,235.44344
28.25,74.75,2019-03,229.30814
28.25,74.75,2019-07,226.61069
28.25,74.75,2019-10,227.6475
28.25,74.75,2020-01,227.77654
28.25,74.75,2020-03,226.87814
28.25,74.75,2020-10,229.58618
28.25,74.75,2021-01,226.39232
28.25,75.0,2008-01,241.29198
28.25,75.0,2008-05,241.11116
28.25,75.0,2008-08,241.29993
28.25,75.0,2008-11,241.7732
28.25,75.0,2009-01,242.71718
28.25,75.0,2009-05,240.84024
28.25,75.0,2009-08,240.93037
28.25,75.0,2009-11,241.17291
28.25,75.0,2010-01,242.72092
28.25,75.0,2010-05,242.35947
28.25,75.0,2010-08,241.53058
28.25,75.0,2010-11,241.27437
28.25,75.0,2011-01,241.48305
28.25,75.0,2011-05,241.32294
28.25,75.0,2011-08,241.4968
28.25,75.0,2011-11,241.30309
28.25,75.0,2012-01,242.3517
28.25,75.0,2012-05,241.93361
28.25,75.0,2012-11,241.94798
28.25,75.0,2013-01,242.05452
28.25,75.0,2013-02,242.18483
28.25,75.0,2013-06,241.98814
28.25,75.0,2013-09,242.09338
28.25,75.0,2013-12,241.56653
28.25,75.0,2014-02,241.7613
28.25,75.0,2014-06,241.52063
28.25,75.0,2014-09,241.94586
28.25,75.0,2014-12,241.44678
28.25,75.0,2015-02,241.23186
28.25,75.0,2015-06,241.96254
28.25,75.0,2015-09,241.96085
28.25,75.0,2015-12,242.31926
28.25,75.0,2016-06,241.37395
28.25,75.0,2016-09,242.18468
28.25,75.0,2016-12,241.33255
28.25,75.0,2017-02,242.61337
28.25,75.0,2017-03,241.44643
28.25,75.0,2017-07,241.36641
28.25,75.0,2017-10,240.55737
28.25,75.0,2018-01,240.98824
28.25,75.0,2018-03,239.69446
28.25,75.0,2018-07,241.72688
28.25,75.0,2018-10,241.32585
28.25,75.0,2019-03,241.10236
28.25,75.0,2019-07,240.26625
28.25,75.0,2019-10,241.42972
28.25,75.0,2020-01,241.53856
28.25,75.0,2020-03,242.56654
28.25,75.0,2020-10,242.4112
28.25,75.0,2021-01,241.63954
28.25,75.25,2008-01,215.14986
28.25,75.25,2008-05,215.19687
28.25,75.25,2008-08,214.9244
28.25,75.25,2008-11,215.06775
28.25,75.25,2009-01,214.97235
28.25,75.25,2009-05,215.10623
28.25,75.25,2009-08,215.12787
28.25,75.25,2009-11,214.88623
28.25,75.25,2010-01,214.6146
28.25,75.25,2010-05,214.81924
28.25,75.25,2010-08,215.13321
28.25,75.25,2010-11,215.08269
28.25,75.25,2011-01,214.87093
28.25,75.25,2011-05,214.91754
28.25,75.25,2011-08,214.7706
28.25,75.25,2011-11,214.7649
28.25,75.25,2012-01,214.74596
28.25,75.25,2012-05,214.80101
28.25,75.25,2012-11,214.7122
28.25,75.25,2013-01,214.77759
28.25,75.25,2013-02,214.60564
28.25,75.25,2013-06,214.50844
28.25,75.25,2013-09,214.61351
28.25,75.25,2013-12,214.80374
28.25,75.25,2014-02,214.57771
28.25,75.25,2015-06,214.59418
28.25,75.25,2015-09,214.39589
28.25,75.25,2015-12,214.55122
28.25,75.25,2016-06,214.40569
28.25,75.25,2016-09,211.63458
28.25,75.25,2016-12,214.34578
28.25,75.25,2017-02,213.52423
28.25,75.25,2017-03,212.86102
28.25,75.25,2017-07,211.51729
28.25,75.25,2017-10,213.74272
28.25,75.25,2018-01,212.19406
28.25,75.25,2018-03,213.54633
28.25,75.25,2018-07,215.43187
28.25,75.25,2018-10,210.75342
28.25,75.25,2019-03,210.5631
28.25,75.25,2019-07,212.71422
28.25,75.25,2019-10,213.82191
28.25,75.25,2020-01,214.12082
28.25,75.25,2020-03,213.4946
28.25,75.25,2020-10,213.44122
28.25,75.25,2021-01,214.02103
28.25,75.5,2010-01,198.96086
28.25,75.5,2010-05,198.7833
28.25,75.5,2010-08,199.17174
28.25,75.5,2010-11,198.49622
28.25,75.5,2011-01,198.01007
28.25,75.5,2011-05,197.63972
28.25,75.5,2011-08,197.48131
28.25,75.5,2011-11,197.60223
28.25,75.5,2012-01,197.25897
28.25,75.5,2012-05,197.10931
28.25,75.5,2012-11,196.71681
28.25,75.5,2013-01,196.26657
28.25,75.5,2013-02,195.83131
28.25,75.5,2013-06,195.7634
28.25,75.5,2013-09,195.32187
28.25,75.5,2013-12,195.17717
28.25,75.5,2014-02,194.52869
28.25,75.5,2014-06,193.63971
28.25,75.5,2014-09,193.398
28.25,75.5,2014-12,192.82094
28.25,75.5,2015-02,193.25578
28.25,75.5,2015-06,193.09612
28.25,75.5,2015-09,191.63393
28.25,75.5,2015-12,191.09529
28.25,75.5,2016-06,189.9586
28.25,75.5,2016-09,189.099
28.25,75.5,2016-12,188.98087
28.25,75.5,2017-02,188.13243
28.25,75.5,2017-03,188.50142
28.25,75.5,2017-07,189.80414
28.25,75.5,2017-10,185.54439
28.25,75.5,2018-01,185.77887
28.25,75.5,2018-03,183.74635
28.25,75.5,2018-07,183.92242
28.25,75.5,2018-10,185.62099
28.25,75.5,2019-03,181.92871
28.25,75.5,2019-10,183.04594
28.25,75.5,2020-01,180.62886
28.25,75.5,2020-03,180.00247
28.25,75.75,2009-08,194.23709
28.25,75.75,2010-01,194.5641
28.25,75.75,2015-05,193.16562
28.25,75.75,2015-11,194.17488
28.25,75.75,2018-05,192.71437
28.25,75.75,2018-10,191.42734
28.25,76.0,2008-01,238.16301
28.25,76.0,2008-05,238.52191
28.25,76.0,2008-08,237.64282
28.25,76.0,2008-11,238.81398
28.25,76.0,2009-01,238.58253
28.25,76.0,2009-05,237.98276
28.25,76.0,2009-08,238.71976
28.25,76.0,2009-11,237.78224
28.25,76.0,2010-01,237.98883
28.25,76.0,2010-05,237.70107
28.25,76.0,2010-08,236.99092
28.25,76.0,2010-11,237.95242
28.25,76.0,2011-01,238.10164
28.25,76.0,2011-05,237.89505
28.25,76.0,2011-08,238.7997
28.25,76.0,2011-11,237.7903
28.25,76.0,2012-08,237.50998
28.25,76.0,2015-05,236.26746
28.25,76.0,2016-05,238.8474
28.25,76.0,2016-11,238.1808
28.25,76.0,2017-05,239.0753
28.25,76.0,2017-11,238.76646
28.25,76.0,2018-10,239.3113
28.25,76.0,2018-12,239.2189
28.25,76.0,2020-11,236.04863
28.25,76.25,2008-01,214.74399
28.25,76.25,2008-05,214.82494
28.25,76.25,2008-08,215.02985
28.25,76.25,2008-11,215.08066
28.25,76.25,2009-01,214.74554
28.25,76.25,2009-05,214.73663
28.25,76.25,2009-08,215.5565
28.25,76.25,2009-11,214.90437
28.25,76.25,2010-01,214.35379
28.25,76.25,2010-05,213.88199
28.25,76.25,2010-08,213.65941
28.25,76.25,2010-11,213.9985
28.25,76.25,2011-01,214.0678
28.25,76.25,2011-05,214.51527
28.25,76.25,2011-08,214.916
28.25,76.25,2011-11,214.72432
28.25,76.25,2012-01,215.29482
28.25,76.25,2012-05,214.52264
28.25,76.25,2012-11,214.29643
28.25,76.25,2013-05,215.31783
28.25,76.25,2013-08,214.03357
28.25,76.25,2013-11,214.25114
28.25,76.25,2014-05,214.84097
28.25,76.25,2014-08,213.58333
28.25,76.25,2014-11,213.83357
28.25,76.25,2015-01,213.55534
28.25,76.25,2015-05,212.56969
28.25,76.25,2015-08,212.13394
28.25,76.25,2015-11,211.88199
28.25,76.25,2016-05,212.48773
28.25,76.25,2016-08,212.01953
28.25,76.25,2016-11,213.29228
28.25,76.25,2017-01,212.46826
28.25,76.25,2017-05,210.75212
28.25,76.25,2017-08,211.2158
28.25,76.25,2017-11,212.77525
28.25,76.25,2018-05,210.98962
28.25,76.25,2018-10,209.38489
28.25,76.25,2020-08,209.98747
28.25,76.25,2020-11,208.92917
28.25,76.5,2008-11,186.85147
28.25,76.5,2009-01,186.48828
28.25,76.5,2009-05,186.56
28.25,76.5,2009-08,184.8235
28.25,76.5,2010-05,186.15067
28.25,76.5,2010-08,186.42639
28.25,76.5,2010-11,185.24463
28.25,76.5,2011-01,185.5243
28.25,76.5,2011-05,186.09723
28.25,76.5,2011-08,187.07037
28.25,76.5,2011-11,184.89948
28.25,76.5,2012-01,183.84747
28.25,76.5,2012-05,184.51614
28.25,76.5,2012-11,185.0469
28.25,76.5,2013-05,184.67879
28.25,76.5,2013-11,184.54979
28.25,76.5,2014-05,184.12021
28.25,76.5,2015-05,184.15945
28.25,76.5,2015-11,183.57193
28.25,76.5,2016-11,181.83203
28.25,76.5,2017-05,180.64153
28.25,76.5,2017-11,178.66237
28.25,76.5,2017-12,178.08931
28.25,76.5,2018-04,177.35428
28.25,76.5,2018-05,176.25688
28.25,76.5,2018-08,176.34573
28.25,76.5,2018-10,176.89268
28.25,76.5,2018-12,176.55714
28.25,76.5,2019-05,176.7622
28.25,76.5,2019-08,177.15137
28.25,76.5,2019-10,176.52399
28.25,76.5,2020-08,175.29482
28.25,76.5,2020-11,174.26218
28.25,76.5,2021-01,174.09625
28.25,76.75,2008-08,205.1814
28.25,76.75,2008-11,204.63893
28.25,76.75,2009-01,205.14445
28.25,76.75,2009-05,203.2345
28.25,76.75,2009-08,204.79356
28.25,76.75,2009-11,203.97133
28.25,76.75,2010-01,205.28989
28.25,76.75,2010-05,204.48145
28.25,76.75,2010-08,205.79955
28.25,76.75,2010-11,205.80544
28.25,76.75,2011-01,207.27304
28.25,76.75,2011-05,207.57155
28.25,76.75,2011-08,207.59102
28.25,76.75,2011-11,205.69028
28.25,76.75,2012-01,206.18202
28.25,76.75,2012-11,205.43906
28.25,76.75,2013-05,206.0807
28.25,76.75,2013-11,205.4908
28.25,76.75,2014-05,206.10509
28.25,76.75,2015-05,206.45566
28.25,76.75,2015-11,206.02467
28.25,76.75,2016-05,205.30743
28.25,76.75,2016-11,206.20023
28.25,76.75,2017-05,205.77943
28.25,76.75,2017-11,205.47389
28.25,76.75,2018-05,204.7254
28.25,76.75,2018-10,204.3815
28.25,76.75,2018-12,204.79544
28.25,76.75,2019-05,206.87686
28.25,76.75,2019-08,207.38232
28.25,77.0,2008-05,184.65634
28.25,77.0,2008-08,184.08273
28.25,77.0,2008-11,183.83238
28.25,77.0,2009-01,184.06921
28.25,77.0,2009-05,183.41107
28.25,77.0,2009-08,183.10728
28.25,77.0,2009-11,182.66415
28.25,77.0,2010-01,182.98547
28.25,77.0,2010-05,182.04305
28.25,77.0,2010-08,181.9636
28.25,77.0,2010-11,181.78386
28.25,77.0,2011-01,181.09973
28.25,77.0,2011-05,181.15227
28.25,77.0,2011-08,180.5304
28.25,77.0,2011-11,180.7172
28.25,77.0,2012-01,180.47215
28.25,77.0,2012-05,180.66626
28.25,77.0,2012-11,179.85905
28.25,77.0,2013-01,179.72363
28.25,77.0,2013-05,179.73819
28.25,77.0,2013-08,179.28491
28.25,77.0,2013-11,178.9919
28.25,77.0,2014-01,178.7772
28.25,77.0,2014-05,179.057
28.25,77.0,2014-08,178.38852
28.25,77.0,2014-11,178.22331
28.25,77.0,2015-01,178.09123
28.25,77.0,2015-05,177.91902
28.25,77.0,2015-08,178.65968
28.25,77.0,2015-11,177.20575
28.25,77.0,2016-05,177.47537
28.25,77.0,2016-08,177.68068
28.25,77.0,2016-11,177.97743
28.25,77.0,2017-01,177.63747
28.25,77.0,2017-05,175.45764
28.25,77.0,2017-08,174.2553
28.25,77.0,2017-11,174.87164
28.25,77.0,2018-01,175.14159
28.25,77.0,2018-05,173.60431
28.25,77.0,2018-08,173.82962
28.25,77.0,2018-10,172.45372
28.25,77.0,2018-12,175.9475
28.25,77.0,2019-05,171.7561
28.25,77.0,2019-08,173.74683
28.25,77.0,2019-10,172.35733
28.25,77.0,2019-12,172.3401
28.25,77.0,2020-01,171.04262
28.25,77.0,2020-08,173.08325
28.25,77.0,2020-11,172.82623
28.25,77.0,2021-01,172.32587
28.25,77.25,2008-08,156.59053
28.25,77.25,2008-11,156.75423
28.25,77.25,2009-01,156.46799
28.25,77.25,2009-05,155.37338
28.25,77.25,2009-08,156.60655
28.25,77.25,2009-11,156.58371
28.25,77.25,2010-01,156.6945
28.25,77.25,2010-05,155.08566
28.25,77.25,2010-08,155.67368
28.25,77.25,2010-11,155.12492
28.25,77.25,2011-01,156.4645
28.25,77.25,2011-05,154.08958
28.25,77.25,2011-08,153.9401
28.25,77.25,2011-11,158.13637
28.25,77.25,2012-01,155.41676
28.25,77.25,2012-05,153.58296
28.25,77.25,2012-11,155.66826
28.25,77.25,2013-01,156.59114
28.25,77.25,2013-05,156.19846
28.25,77.25,2013-08,154.3129
28.25,77.25,2013-11,155.19095
28.25,77.25,2014-01,155.15518
28.25,77.25,2014-05,154.19981
28.25,77.25,2014-08,153.53937
28.25,77.25,2014-11,155.13362
28.25,77.25,2015-01,155.06873
28.25,77.25,2015-05,154.37218
28.25,77.25,2015-08,153.53172
28.25,77.25,2015-11,153.66489
28.25,77.25,2016-05,153.00162
28.25,77.25,2016-08,152.22592
28.25,77.25,2016-11,154.0709
28.25,77.25,2017-01,153.80162
28.25,77.25,2017-05,153.5656
28.25,77.25,2017-08,154.14201
28.25,77.25,2017-11,155.60513
28.25,77.25,2018-01,155.25414
28.25,77.25,2018-05,154.29584
28.25,77.25,2018-08,154.21852
28.25,77.25,2018-10,155.1355
28.25,77.25,2018-12,154.66168
28.25,77.25,2019-05,153.04257
28.25,77.25,2019-08,153.48051
28.25,77.25,2019-10,153.61911
28.25,77.25,2019-12,153.25505
28.25,77.25,2020-01,152.36115
28.25,77.25,2020-08,152.68733
28.25,77.25,2020-11,152.43585
28.25,77.5,2008-01,199.2164
28.25,77.5,2008-05,199.2296
28.25,77.5,2008-08,198.59421
28.25,77.5,2008-11,199.90956
28.25,77.5,2009-01,198.36818
28.25,77.5,2009-05,199.4166
28.25,77.5,2009-08,198.8824
28.25,77.5,2009-11,199.3893
28.25,77.5,2010-01,199.10551
28.25,77.5,2010-05,199.3232
28.25,77.5,2010-08,198.72488
28.25,77.5,2010-11,198.90239
28.25,77.5,2011-01,198.9898
28.25,77.5,2011-05,199.56982
28.25,77.5,2011-08,199.08807
28.25,77.5,2011-11,199.67033
28.25,77.5,2012-01,200.0204
28.25,77.5,2012-05,200.08345
28.25,77.5,2012-11,199.21062
28.25,77.5,2013-01,199.47372
28.25,77.5,2013-05,199.58304
28.25,77.5,2013-08,199.06306
28.25,77.5,2013-11,198.65694
28.25,77.5,2014-01,199.012
28.25,77.5,2014-05,199.26106
28.25,77.5,2014-08,198.81247
28.25,77.5,2015-01,199.0284
28.25,77.5,2015-05,199.06944
28.25,77.5,2015-08,200.22824
28.25,77.5,2015-11,199.58554
28.25,77.5,2016-06,199.6789
28.25,77.5,2016-09,199.56154
28.25,77.5,2016-12,199.15355
28.25,77.5,2017-02,199.02538
28.25,77.5,2017-06,195.54309
28.25,77.5,2017-09,198.19893
28.25,77.5,2017-12,196.83244
28.25,77.5,2018-02,197.77621
28.25,77.5,2018-06,195.87189
28.25,77.5,2018-09,201.56367
28.25,77.5,2018-12,196.55486
28.25,77.5,2019-02,199.56271
28.25,77.5,2019-06,198.65596
28.25,77.5,2019-09,196.70572
28.25,77.5,2019-12,200.08281
28.25,77.5,2020-02,196.83937
28.25,78.0,2019-09,194.95007
28.25,78.0,2020-02,194.02066
28.25,78.0,2020-12,194.45026
28.25,78.25,2008-11,179.09209
28.25,78.25,2009-01,178.83855
28.25,78.5,2018-02,182.5418
28.25,78.5,2018-06,182.18463
28.25,78.5,2018-12,182.4344
28.25,78.5,2019-02,182.03471
28.25,78.5,2019-06,181.48648
28.25,78.5,2019-09,180.34912
28.25,78.5,2019-12,180.61143
28.25,78.5,2020-02,180.91301
28.25,78.5,2020-12,180.87912
28.25,78.75,2016-01,175.0787
28.25,78.75,2016-02,174.79912
28.25,78.75,2016-06,174.87546
28.25,78.75,2016-09,174.93065
28.25,78.75,2016-12,175.09073
28.25,78.75,2017-06,174.58809
28.25,78.75,2017-09,174.7036
28.25,78.75,2017-12,174.539
28.25,78.75,2018-02,174.21265
28.25,78.75,2018-06,174.24582
28.25,78.75,2018-09,174.3091
28.25,78.75,2018-12,174.89774
28.25,78.75,2019-02,174.62563
28.25,78.75,2019-06,174.10927
28.25,78.75,2019-09,173.52623
28.25,78.75,2019-12,173.47287
28.25,79.0,2008-11,175.38335
28.25,79.0,2009-01,175.03996
28.25,79.0,2009-05,175.64056
28.25,79.0,2009-08,175.03789
28.25,79.0,2009-11,175.43837
28.25,79.0,2010-01,174.84886
28.25,79.0,2010-05,175.32458
28.25,79.0,2010-08,175.03784
28.25,79.0,2010-11,174.41124
28.25,79.0,2011-01,174.5824
28.25,79.0,2011-05,174.46016
28.25,79.0,2011-08,176.32034
28.25,79.0,2011-11,176.08182
28.25,79.0,2012-01,175.88899
28.25,79.0,2012-05,174.27441
28.25,79.0,2012-11,174.82939
28.25,79.0,2013-01,174.85133
28.25,79.0,2013-05,175.13654
28.25,79.0,2013-08,174.60175
28.25,79.0,2013-11,175.39171
28.25,79.0,2014-01,176.14157
28.25,79.0,2014-05,174.46797
28.25,79.0,2014-08,175.11102
28.25,79.0,2015-05,174.91734
28.25,79.0,2015-08,175.49239
28.25,79.0,2015-11,175.13794
28.25,79.0,2016-06,174.39609
28.25,79.0,2016-09,174.31421
28.25,79.0,2016-12,174.09055
28.25,79.0,2017-02,175.05545
28.25,79.0,2017-09,175.27194
28.25,79.0,2019-06,175.48462
28.25,79.25,2008-01,169.43402
28.25,79.25,2008-05,169.01529
28.25,79.25,2008-08,169.6989
28.25,79.25,2008-11,169.8396
28.25,79.25,2009-01,170.23201
28.25,79.25,2009-05,169.65137
28.25,79.25,2009-08,169.72421
28.25,79.25,2009-11,169.40955
28.25,79.25,2010-01,169.16739
28.25,79.25,2010-05,169.66194
28.25,79.25,2010-08,170.0856
28.25,79.25,2010-11,170.12367
28.25,79.25,2011-01,170.92082
28.25,79.25,2011-05,170.00691
28.25,79.25,2011-08,169.77019
28.25,79.25,2011-11,170.2959
28.25,79.25,2012-01,170.07747
28.25,79.25,2012-05,168.84096
28.25,79.25,2012-11,169.81288
28.25,79.25,2013-01,169.38751
28.25,79.25,2013-05,169.15761
28.25,79.25,2013-08,169.61873
28.25,79.25,2013-11,169.43275
28.25,79.25,2014-01,169.92023
28.25,79.25,2014-05,169.22084
28.25,79.25,2014-08,169.51936
28.25,79.25,2015-01,169.73717
28.25,79.25,2015-05,168.90761
28.25,79.25,2015-08,169.03474
28.25,79.25,2015-11,169.03278
28.25,79.25,2016-06,169.02556
28.25,79.25,2016-09,168.94565
28.25,79.25,2016-12,169.36176
28.25,79.25,2017-02,168.85912
28.25,79.25,2017-06,168.93071
28.25,79.25,2017-09,168.70468
28.25,79.25,2017-12,168.6353
28.25,79.25,2018-02,168.4419
28.25,79.25,2018-06,168.55682
28.25,79.25,2018-09,168.38432
28.25,79.25,2018-12,169.1795
28.25,79.25,2019-02,169.19739
28.25,79.25,2019-06,168.95949
28.25,79.25,2019-09,168.99359
28.25,79.25,2019-12,168.80386
28.25,79.25,2020-02,168.37807
28.25,79.25,2020-12,168.7882
28.25,79.5,2008-01,177.10402
28.25,79.5,2008-05,176.81468
28.25,79.5,2008-08,177.05885
28.25,79.5,2008-11,177.65363
28.25,79.5,2009-01,178.42296
28.25,79.5,2009-05,176.81142
28.25,79.5,2009-08,177.14937
28.25,79.5,2009-11,177.22516
28.25,79.5,2010-01,177.12677
28.25,79.5,2010-08,177.81163
28.25,79.5,2010-11,177.86472
28.25,79.5,2011-01,178.56097
28.25,79.5,2011-05,176.76201
28.25,79.5,2011-08,177.53734
28.25,79.5,2011-11,177.22124
28.25,79.5,2012-01,177.57759
28.25,79.5,2012-05,176.80484
28.25,79.5,2012-11,175.79135
28.25,79.5,2013-01,176.6884
28.25,79.5,2013-05,177.21156
28.25,79.5,2013-08,176.21709
28.25,79.5,2013-11,177.47849
28.25,79.5,2014-01,177.91881
28.25,79.5,2014-05,176.13226
28.25,79.5,2014-08,176.9884
28.25,79.5,2015-01,175.94263
28.25,79.5,2015-05,176.22115
28.25,79.5,2015-08,175.2916
28.25,79.5,2015-11,176.36049
28.25,79.5,2016-09,176.17857
28.25,79.5,2016-12,175.96808
28.25,79.5,2017-02,176.59428
28.25,79.5,2017-09,175.95375
28.25,79.5,2017-12,175.63187
28.25,79.5,2018-02,175.14326
28.25,79.5,2018-12,175.67693
28.25,79.5,2019-02,176.289
28.25,79.5,2019-06,176.31052
28.25,79.5,2019-09,175.89134
28.25,79.5,2019-12,175.4527
28.25,79.5,2020-02,175.48914
28.25,79.5,2020-12,175.50478
28.25,79.75,2008-01,180.4509
28.25,79.75,2008-05,180.18542
28.25,79.75,2008-08,181.74887
28.25,79.75,2008-11,181.37946
28.25,79.75,2009-01,180.38763
28.25,79.75,2009-05,180.14217
28.25,79.75,2009-08,180.5696
28.25,79.75,2009-11,180.90334
28.25,79.75,2010-01,180.26796
28.25,79.75,2010-05,180.40128
28.25,79.75,2010-08,181.37358
28.25,79.75,2010-11,180.49997
28.25,79.75,2011-01,180.29933
28.25,79.75,2011-05,180.10562
28.25,79.75,2011-08,181.86707
28.25,79.75,2011-11,181.53018
28.25,79.75,2012-01,179.96341
28.25,79.75,2012-05,180.10999
28.25,79.75,2012-11,181.07532
28.25,79.75,2013-01,180.93733
28.25,79.75,2013-05,180.36278
28.25,79.75,2013-08,180.08412
28.25,79.75,2013-11,181.26949
28.25,79.75,2014-01,180.63759
28.25,79.75,2014-05,179.49515
28.25,79.75,2014-08,180.85059
28.25,79.75,2015-01,181.67505
28.25,79.75,2015-05,179.84604
28.25,79.75,2015-08,180.14674
28.25,79.75,2015-11,179.70967
28.25,79.75,2016-06,180.43858
28.25,79.75,2016-09,179.74373
28.25,79.75,2016-12,180.59149
28.25,79.75,2017-02,180.91444
28.25,79.75,2017-06,179.3636
28.25,79.75,2017-09,180.73227
28.25,79.75,2017-12,179.98145
28.25,79.75,2018-02,180.07452
28.25,79.75,2018-09,180.50127
28.25,79.75,2018-12,179.7863
28.25,79.75,2019-02,180.12984
28.25,79.75,2019-06,179.25197
28.25,79.75,2019-09,180.11084
28.25,79.75,2019-12,181.0654
28.25,79.75,2020-02,180.00977
28.25,79.75,2020-12,179.99034
28.25,80.25,2008-05,171.4759
28.25,80.25,2008-08,172.55162
28.25,80.25,2008-11,172.26134
28.25,80.25,2009-01,171.23645
28.25,80.25,2009-05,171.51323
28.25,80.25,2009-08,173.10674
28.25,80.25,2009-11,172.61162
28.25,80.25,2010-01,171.74484
28.25,80.25,2010-05,171.39087
28.25,80.25,2010-08,172.44804
28.25,80.25,2010-11,172.78395
28.25,80.25,2011-01,172.22508
28.25,80.25,2011-05,171.59525
28.25,80.25,2011-11,172.78056
28.25,80.25,2012-01,172.78539
28.25,80.25,2012-05,171.95277
28.25,80.25,2012-11,171.9405
28.25,80.25,2013-01,172.21065
28.25,80.25,2013-05,172.62067
28.25,80.25,2013-08,171.64365
28.25,80.25,2013-11,171.96213
28.25,80.25,2014-01,172.07729
28.25,80.25,2014-05,170.76595
28.25,80.25,2014-08,172.76166
28.25,80.25,2015-01,172.397
28.25,80.25,2015-05,171.1528
28.25,80.25,2015-08,171.54378
28.25,80.25,2015-11,171.87584
28.25,80.25,2016-09,172.29579
28.25,80.25,2016-12,171.11264
28.25,80.25,2017-02,171.87012
28.25,80.25,2017-06,171.58691
28.25,80.25,2017-09,171.80957
28.25,80.25,2017-12,172.4492
28.25,80.25,2018-02,171.07
28.25,80.25,2018-12,171.05649
28.25,80.25,2019-02,171.79839
28.25,80.5,2008-01,161.7033
28.25,80.5,2008-05,161.57487
28.25,80.5,2008-08,162.58333
28.25,80.5,2008-11,162.2458
28.25,80.5,2009-01,162.13197
28.25,80.5,2009-05,162.02097
28.25,80.5,2009-08,162.58734
28.25,80.5,2009-11,161.96983
28.25,80.5,2010-01,161.58397
28.25,80.5,2010-05,160.92737
28.25,80.5,2010-11,162.26518
28.25,80.5,2011-01,162.41801
28.25,80.5,2011-05,162.25566
28.25,80.5,2011-11,161.24586
28.25,80.5,2012-01,161.82457
28.25,80.5,2012-05,160.7473
28.25,80.5,2012-11,162.12932
28.25,80.5,2013-01,162.08269
28.25,80.5,2013-05,161.4036
28.25,80.5,2013-08,161.48221
28.25,80.5,2013-11,162.4425
28.25,80.5,2014-01,161.3624
28.25,80.5,2014-05,161.86316
28.25,80.5,2014-08,162.61615
28.25,80.5,2015-01,162.24266
28.25,80.5,2015-05,160.97905
28.25,80.5,2015-08,161.63147
28.25,80.5,2015-11,161.93811
28.25,80.5,2016-06,160.26816
28.25,80.5,2016-09,162.32195
28.25,80.5,2016-12,161.37595
28.25,80.5,2017-02,161.1686
28.25,80.5,2017-06,161.57994
28.25,80.5,2017-09,162.96559
28.25,80.5,2017-12,161.68758
28.25,80.5,2018-02,160.0487
28.25,80.5,2018-06,161.06232
28.25,80.5,2018-09,162.62802
28.25,80.5,2018-12,161.7982
28.25,80.5,2019-02,161.25473
28.25,80.5,2019-06,161.05609
28.25,80.5,2019-09,162.28061
28.25,80.5,2019-12,161.31625
28.25,80.5,2020-02,161.48752
28.25,80.5,2020-09,161.17851
28.25,80.5,2020-12,162.18245
28.25,81.0,2008-05,163.06644
28.25,81.0,2008-11,163.26675
28.25,81.0,2009-01,163.11005
28.25,81.0,2009-05,163.21329
28.25,81.0,2009-08,163.47559
28.25,81.0,2009-11,163.04767
28.25,81.0,2010-01,163.25856
28.25,81.0,2010-05,163.05264
28.25,81.0,2010-08,163.56767
28.25,81.0,2010-11,162.88797
28.25,81.0,2011-01,163.33734
28.25,81.0,2011-05,162.84583
28.25,81.0,2011-08,163.48685
28.25,81.0,2011-11,162.77267
28.25,81.0,2012-01,163.17961
28.25,81.0,2012-05,163.38042
28.25,81.0,2012-11,163.2438
28.25,81.0,2013-01,163.00658
28.25,81.0,2013-05,162.88205
28.25,81.0,2013-08,163.1551
28.25,81.0,2013-11,162.80719
28.25,81.0,2014-01,163.22006
28.25,81.0,2014-05,162.92937
28.25,81.0,2014-08,163.4798
28.25,81.0,2015-01,162.75098
28.25,81.0,2015-05,163.1073
28.25,81.0,2015-08,162.99625
28.25,81.0,2015-11,163.2625
28.25,81.0,2016-06,163.09296
28.25,81.0,2016-09,162.9679
28.25,81.0,2016-12,163.24922
28.25,81.0,2017-06,162.71031
28.25,81.0,2017-09,162.90318
28.25,81.0,2017-12,162.45352
28.25,81.0,2018-02,162.92215
28.25,81.0,2018-06,162.2739
28.25,81.0,2018-09,163.23328
28.25,81.0,2018-12,163.0082
28.25,81.0,2019-06,162.77127
28.25,81.0,2019-09,162.70934
28.25,81.0,2019-12,162.96896
28.25,81.0,2020-02,162.67358
28.25,81.0,2020-09,162.76837
28.25,81.0,2020-12,163.67014
28.5,72.5,2008-05,113.118614
28.5,72.5,2008-08,114.382835
28.5,72.5,2008-11,111.67386
28.5,72.5,2009-01,113.29892
28.5,72.5,2009-05,112.97671
28.5,72.5,2009-08,111.416176
28.5,72.5,2009-11,113.22016
28.5,72.5,2010-01,112.41313
28.5,72.5,2010-05,112.3159
28.5,72.5,2010-08,113.58447
28.5,72.5,2010-11,113.33589
28.5,72.5,2011-01,114.27362
28.5,72.5,2011-05,113.68955
28.5,72.5,2011-08,112.93293
28.5,72.5,2011-11,113.652725
28.5,72.5,2012-01,112.85994
28.5,72.5,2015-06,111.841286
28.5,72.75,2008-05,126.79027
28.5,72.75,2008-08,126.462456
28.5,72.75,2008-11,126.87933
28.5,72.75,2009-01,126.73507
28.5,72.75,2009-05,126.99966
28.5,72.75,2009-08,126.58312
28.5,72.75,2009-11,126.6429
28.5,72.75,2010-01,126.85554
28.5,72.75,2010-05,127.03711
28.5,72.75,2010-08,127.51572
28.5,72.75,2010-11,127.27522
28.5,72.75,2011-01,127.5909
28.5,72.75,2011-05,127.74054
28.5,72.75,2011-08,127.89228
28.5,72.75,2013-01,127.80623
28.5,72.75,2013-02,127.82842
28.5,72.75,2013-06,127.946266
28.5,72.75,2013-09,127.80258
28.5,72.75,2013-12,128.19891
28.5,72.75,2014-02,128.27177
28.5,72.75,2014-06,129.37582
28.5,72.75,2014-09,127.939186
28.5,72.75,2015-02,127.887375
28.5,72.75,2015-06,127.9929
28.5,72.75,2015-09,130.5036
28.5,72.75,2015-12,130.46518
28.5,72.75,2016-06,128.26807
28.5,72.75,2016-09,128.49382
28.5,72.75,2016-12,128.45294
28.5,72.75,2017-02,129.33174
28.5,72.75,2017-03,129.92389
28.5,72.75,2017-07,129.09467
28.5,72.75,2017-10,128.57718
28.5,72.75,2018-01,128.90506
28.5,72.75,2018-03,128.79767
28.5,72.75,2019-10,127.8806
28.5,72.75,2020-01,128.23602
28.5,72.75,2020-03,129.06529
28.5,72.75,2020-10,128.80194
28.5,72.75,2021-01,128.58548
28.5,73.0,2008-01,125.33459
28.5,73.0,2008-05,125.61449
28.5,73.0,2008-08,125.34184
28.5,73.0,2008-11,125.7055
28.5,73.0,2009-01,126.21518
28.5,73.0,2009-05,126.44844
28.5,73.0,2009-08,126.25996
28.5,73.0,2009-11,125.88821
28.5,73.0,2010-01,124.66939
28.5,73.0,2010-05,124.52666
28.5,73.0,2010-08,124.60118
28.5,73.0,2010-11,126.64695
28.5,73.0,2011-01,126.766655
28.5,73.0,2011-05,126.1415
28.5,73.0,2011-08,126.11437
28.5,73.0,2011-11,126.26371
28.5,73.0,2012-01,125.47933
28.5,73.0,2012-05,125.488785
28.5,73.0,2012-11,126.37597
28.5,73.0,2013-01,126.71763
28.5,73.0,2013-02,126.52459
28.5,73.0,2013-06,126.56885
28.5,73.0,2013-09,126.854294
28.5,73.0,2013-12,126.940216
28.5,73.0,2014-06,126.96043
28.5,73.0,2014-09,126.923706
28.5,73.0,2015-02,126.91036
28.5,73.0,2015-06,126.37498
28.5,73.0,2015-09,126.47363
28.5,73.0,2015-12,126.967995
28.5,73.0,2016-06,127.7848
28.5,73.0,2016-09,127.62418
28.5,73.0,2016-12,127.14985
28.5,73.0,2017-02,126.41916
28.5,73.0,2017-03,126.05268
28.5,73.0,2017-07,125.34916
28.5,73.0,2017-10,124.07685
28.5,73.0,2018-01,126.11525
28.5,73.0,2018-03,127.189415
28.5,73.0,2018-07,128.85983
28.5,73.0,2018-10,127.382484
28.5,73.0,2019-03,126.38596
28.5,73.0,2019-07,126.03802
28.5,73.0,2019-10,125.86279
28.5,73.0,2020-01,124.98977
28.5,73.0,2020-03,126.46177
28.5,73.0,2020-10,127.72762
28.5,73.0,2021-01,127.58222
28.5,73.5,2008-01,148.39319
28.5,73.5,2008-05,148.51778
28.5,73.5,2008-08,148.46681
28.5,73.5,2008-11,148.55042
28.5,73.5,2009-01,148.40186
28.5,73.5,2009-05,148.30829
28.5,73.5,2009-08,148.40149
28.5,73.5,2009-11,148.3391
28.5,73.5,2010-05,141.5889
28.5,73.5,2010-08,144.24988
28.5,73.5,2010-11,146.63074
28.5,73.5,2011-01,148.26067
28.5,73.5,2011-05,147.3713
28.5,73.5,2011-08,147.27199
28.5,73.5,2011-11,147.1915
28.5,73.5,2012-01,147.31694
28.5,73.5,2012-05,148.33461
28.5,73.5,2012-11,147.13979
28.5,73.5,2013-01,145.52155
28.5,73.5,2013-02,145.72064
28.5,73.5,2013-06,148.8256
28.5,73.5,2013-09,148.63718
28.5,73.5,2013-12,148.71385
28.5,73.5,2014-02,148.80879
28.5,73.5,2014-06,148.8043
28.5,73.5,2014-09,148.9029
28.5,73.5,2014-12,148.41628
28.5,73.5,2015-02,150.00359
28.5,73.5,2015-06,150.99176
28.5,73.5,2015-12,151.51227
28.5,73.5,2016-09,151.23817
28.5,73.5,2016-12,149.90901
28.5,73.5,2017-02,149.34029
28.5,73.5,2017-03,149.17114
28.5,73.5,2017-10,149.15973
28.5,73.5,2018-01,149.61642
