Lat,Lon,MAE,RMSE
23.0,74.25,2.1292307692308006,2.9412006967328312
23.0,74.5,90.44111111111397,121.87970047916058
23.25,73.75,178.20097979798206,255.27543231410934
23.25,74.0,3.941538461538447,4.371920894491595
23.25,74.25,47.332058651022244,73.8855356488387
23.5,73.5,406.23727272727615,614.6629351337847
23.5,73.75,2.973261918548701,4.827741601427396
23.5,74.0,3.6876923076923074,4.611168715529386
23.5,74.25,3.5007692307692193,3.736336132136349
23.5,74.5,83.88666666666393,115.82560705646681
23.5,74.75,232.64999999999839,362.19369776405387
23.75,73.25,111.10099999999125,136.65824845210292
23.75,73.5,3.175000000000002,3.874732248814103
23.75,73.75,1728.0483333333389,2584.6375434284864
23.75,74.0,84.13181818181191,127.11807285139345
23.75,74.25,1.8053846153846131,2.3036943573980646
23.75,74.5,1538.9636363636425,2328.741836341528
23.75,74.75,3.378517876490247,4.414956097470739
23.75,75.5,3.190769230769232,3.684017455901184
23.75,75.75,528.10375,651.7165790721457
23.75,83.0,51.83518859649166,76.49502639083462
24.0,73.25,79.34818181817428,110.45939035763082
24.0,73.5,1.489999999999996,2.055830358161497
24.0,73.75,4.624615384615385,5.016259716009682
24.0,74.0,90.43250000000113,134.72257862610527
24.0,74.25,142.4945454545418,211.3294958976653
24.0,74.5,3114.308333333322,4658.965040458718
24.0,74.75,400.9518181818083,606.3172250038308
24.0,75.75,2.5469230769230955,2.932348756674304
24.0,76.75,4.97384615384616,7.006152241478156
24.0,82.75,38.83581055900419,56.73504108721135
24.0,83.0,18.97531999999676,27.651595305428394
24.25,72.5,1.594166666666671,2.1628395687151714
24.25,72.75,259.82600000000986,366.1865395942486
24.25,73.25,426.74272727272177,652.0477264810302
24.25,73.5,2.0623076923076704,2.887193207145029
24.25,73.75,2093.7025000000076,3128.851149880481
24.25,74.0,676.90916666666,1011.8687748789265
24.25,74.25,3.419230769230751,4.086908743405333
24.25,74.5,4.53461538461541,6.550515540486422
24.25,75.75,1.4553846153846122,2.3437117176360633
24.25,76.0,317.25000000000233,377.8718934742042
24.25,76.25,1.6269230769230751,1.8582808432278661
24.25,76.5,2.6069230769230716,2.982003714592943
24.25,76.75,1175.6881818181828,1764.5528221491559
24.25,78.25,563.1608333333279,798.5258631952095
24.25,78.5,324.82636363634987,461.71601605510733
24.25,78.75,84.5574999999994,106.50575489146041
24.25,83.0,950.8191666666635,1353.2439071942356
24.5,72.0,0.7500000000000355,1.0871241368348854
24.5,72.25,1521.3030000000017,2141.5220742056363
24.5,72.5,3099.3483333333334,4637.440496971363
24.5,72.75,2779.0945454545385,3924.8834638032613
24.5,73.25,75.46900000001312,88.97720590130479
24.5,73.5,2.7183333333333337,4.34873353211407
24.5,73.75,4.818333333333361,6.133356884012777
24.5,74.0,738.9218181818229,1029.3762817886882
24.5,74.25,9.10666666666667,10.574156388730657
24.5,76.0,153.35636363636235,229.6632932636959
24.5,76.25,282.4436363636349,452.97162987622687
24.5,76.5,780.3899999999983,1166.0098901981899
24.5,76.75,339.1450000000057,469.3066579007882
24.5,78.25,0.4591666666666754,0.6198722986766512
24.5,78.5,199.28099173554818,301.4065665788806
24.5,82.75,138.85499999999706,195.7749061294587
24.5,83.0,512.472727272731,726.9875582779371
24.75,71.0,4.174545454545521,5.5682770307259934
24.75,71.25,1.8725000000000003,2.060277084924906
24.75,71.5,3.2066666666666657,3.904339466115452
24.75,71.75,0.8671052631578564,0.9398256011967289
24.75,72.0,84.96728000000074,129.30312859001907
24.75,72.25,671.8036363636314,953.8213082981647
24.75,72.5,374.67333333333585,557.4344591220306
24.75,72.75,5.784615384615388,7.183313998427192
24.75,73.0,3.8216666666666774,4.324891135431434
24.75,73.25,1017.5636363636222,1543.119437020034
24.75,73.5,7.676428571419923,8.9865195844932
24.75,73.75,5.402307692307711,6.059895277084505
24.75,74.0,167.69000000000324,255.78024955027763
24.75,74.25,1.516923076923079,1.9888496868599927
24.75,74.5,587.3566666666611,875.851723752363
24.75,75.5,134.06666666666942,200.5470229148308
24.75,75.75,1.2083333333333333,1.606243028519237
24.75,76.25,1.7166666666666355,2.1007379655730207
24.75,76.5,381.87499999999835,518.3401551587505
24.75,78.25,4.762440147327321,5.597443096219014
24.75,78.5,270.41875000000243,373.78225701938095
24.75,81.75,520.2321176867309,782.0000311519606
24.75,82.0,343.20333333333446,416.14652880125584
24.75,82.25,395.4637136886113,566.6380269841709
24.75,82.5,104.81111111111045,159.62704651085127
24.75,82.75,132.34000000000503,187.0818056359374
24.75,83.0,41.37583216782911,60.10731438589474
25.0,71.0,41.168181818184536,62.922353746586786
25.0,71.25,21.042508960572622,31.83711832659085
25.0,71.5,10.566923076924748,14.41410073504661
25.0,72.0,1.649275362318825,1.9267838893528282
25.0,72.25,134.47249999999931,200.58529792002767
25.0,72.5,182.93090909090805,294.4822032282781
25.0,72.75,2797.8644444444426,3893.1017786763955
25.0,73.0,1.5866666666666447,2.194648794985938
25.0,73.25,888.0224999999967,1325.8507769824578
25.0,73.5,2.728461538461523,3.158462381505361
25.0,73.75,153.8649999999989,229.2586557071857
25.0,74.0,218.8690909090935,330.25449872374924
25.0,74.25,1156.2,1728.4586906017357
25.0,74.5,995.7754545454547,1483.942844736769
25.0,74.75,152.22800000000933,165.9165625246724
25.0,75.0,3.453846153846139,3.4862785978086097
25.0,75.25,7.298461538461538,7.941493756021161
25.0,75.5,0.9799999999999992,1.5090283849771353
25.0,75.75,1.1141666666666623,1.7386608831703367
25.0,76.0,0.5474999999999994,0.6880225287009138
25.0,76.25,221.78855870187832,332.02694381997395
25.0,76.5,3.805706521739321,4.137575158227689
25.0,76.75,21.292499999993925,32.08035886643753
25.0,77.0,298.5957142857131,445.8790448893365
25.0,77.25,1.0338461538461625,1.4620743956658138
25.0,78.25,199.22727272727445,275.58555190391075
25.0,78.5,76.09583333334274,108.21627931293993
25.0,79.25,20.432479919679942,28.99164334439892
25.0,79.5,31.0155555555567,42.91990628549522
25.0,79.75,9.764778325123217,14.17766631244119
25.0,80.25,498.71636363636173,709.0989629356116
25.0,80.5,98.91454545454302,120.15748506930794
25.0,80.75,312.89083333333315,437.1900342051877
25.0,81.0,12.927276422764379,17.075728768878687
25.0,81.25,49.63000000000024,65.68968807963738
25.0,81.5,294.08583333333104,453.4789794191094
25.0,81.75,45.93749999999809,50.433677488358825
25.0,82.0,68.45416666666664,80.18251840852366
25.0,82.25,128.12525862068887,195.9658386787911
25.0,82.5,57.07403486923886,89.29815690895947
25.0,82.75,58.00263468013571,83.31220946423608
25.0,83.0,614.2441666666664,925.8058258844918
25.25,70.75,745.8418181818164,1122.2882777692087
25.25,71.0,4.787084967320108,5.666845070082112
25.25,71.25,1.1583333333333325,2.276785014005495
25.25,71.5,81.17000000000016,112.22008432094519
25.25,72.0,14.534000000000361,19.727655714758157
25.25,72.25,53.66922659042227,71.80213506603737
25.25,72.5,2.2183333333333386,3.613735371237534
25.25,72.75,155.25454545454423,252.10489429456095
25.25,73.0,427.16333333333336,638.1016214783765
25.25,73.25,4.250000000000011,4.973315155544006
25.25,73.5,6.1052552552551065,7.142768438447869
25.25,73.75,978.8245454545454,1496.6347633061193
25.25,74.0,11.745833333333366,13.092372143096688
25.25,74.5,1302.5800000000054,1946.0418908218203
25.25,74.75,3.816923076923073,4.284113767073736
25.25,75.0,506.65166666666636,644.2766768891549
25.25,75.5,2.9200000000000026,4.214329036841954
25.25,75.75,0.6061538461538436,0.6987351209369421
25.25,76.0,12.543699538636487,18.83599188360264
25.25,76.25,1.1315384615384665,1.4547931388768274
25.25,76.5,1.509230769230774,1.8781250879943723
25.25,77.0,171.73333333332837,257.5132045481607
25.25,77.25,690.4116666666745,1032.730593564148
25.25,78.25,10.601173708917429,16.235606226183886
25.25,78.5,268.1012532299719,383.1245489250116
25.25,78.75,26.741666666666962,40.69439171024306
25.25,79.0,227.6049999999991,282.3152392568737
25.25,79.25,50.41530991735133,77.53569520177535
25.25,79.5,182.5227272727342,258.2852806315415
25.25,79.75,186.0716666666682,252.61063246295552
25.25,80.0,16.095000000000386,18.396152586886934
25.25,80.25,30.964638728324147,42.17362137671755
25.25,80.5,230.10583333333724,369.25117448470985
25.25,80.75,199.43175137961197,285.57111708190035
25.25,81.0,26.746696696697533,35.6926657905631
25.25,81.25,39.81272033309988,56.578046001404104
25.25,81.5,89.31583333333192,109.33531523864058
25.25,81.75,331.3275000000003,510.74799440787535
25.25,82.0,307.2572727272732,398.838027376802
25.25,82.25,65.30171717171746,91.78709395771499
25.25,82.5,18.669690140844356,27.596685724565248
25.25,82.75,45.70000000000002,51.01949072005095
25.25,83.0,270.60482374768367,419.88801127278447
25.25,83.25,1157.7466666666696,1734.7173157126635
25.25,83.5,290.93666666666644,435.77337948372474
25.25,83.75,12.990107181135423,14.2904111548418
25.5,70.5,205.03857142857086,310.9164896835521
25.5,70.75,36.61444444444327,57.11396608730669
25.5,71.0,266.11333333333795,374.58567598081623
25.5,71.25,144.5858333333342,215.78802575289916
25.5,71.5,491.9252854122611,704.9906116047958
25.5,71.75,0.3816666666666677,0.47728398255126886
25.5,72.5,0.5790909090909095,0.7029871329483283
25.5,72.75,681.5609090909085,1032.2461499829114
25.5,73.25,113.92583333333306,170.38617439510713
25.5,73.75,1294.0136363636348,1935.41268393027
25.5,74.0,6.736923076923054,7.175296295141869
25.5,74.25,541.0250000000066,807.2917601565637
25.5,74.5,1405.64916666666,2102.3300612792204
25.5,74.75,4.618461538461536,4.977765949314393
25.5,75.0,3.3999999999999964,4.02145288836427
25.5,75.25,3.1499999999999915,4.140428721762987
25.5,75.5,9.619260089685795,10.572509125163498
25.5,75.75,71.54416666666889,103.69456458754556
25.5,76.0,339.84909090908235,507.9840978899614
25.5,76.25,1616.2600000000011,2419.3111089798563
25.5,78.75,488.37583333333276,684.369986136884
25.5,79.0,36.38638900634138,58.48759817175827
25.5,79.25,7.600650406504305,11.148064366675717
25.5,79.5,178.77200000000175,275.5477172832346
25.5,79.75,204.00909090909343,290.3461547876983
25.5,80.0,190.62909090909008,262.3789261909009
25.5,80.25,61.141282051280704,88.48822480150436
25.5,80.5,312.3877777777768,470.72146049087814
25.5,80.75,24.09250000000008,28.35709479125119
25.5,81.0,7.687402152641905,9.70019098943831
25.5,81.25,42.81961538461503,61.55076958005784
25.5,81.5,321.23080808080454,483.66544831412574
25.5,81.75,106.36333333333448,140.76360094143823
25.5,82.0,1.7208333333333314,1.847004331343052
25.5,82.25,9.03550930996624,11.912297185634493
25.5,82.5,253.7499999999981,379.63458483125305
25.5,82.75,8.511111111110928,12.495457841418215
25.5,83.0,41.721388888889074,64.92791121758437
25.5,83.25,15.898750000000124,22.512810576848175
25.5,83.5,217.40083333333527,324.4521054922207
25.5,83.75,17.230455625134695,19.501480522214727
25.5,84.0,43.80583333333336,49.00533193779372
25.5,84.25,368.65416666666596,548.6413091674732
25.5,84.5,614.5174999999991,858.2020942111079
25.75,70.0,172.78793172690618,258.3858867113351
25.75,70.25,0.5916346153846632,0.6189267648411574
25.75,70.75,1.421538461538454,1.6782545878198698
25.75,71.0,3.716363636363641,4.428927635444054
25.75,71.25,1.6280000000000143,1.7889214627814403
25.75,71.5,13.200909090907844,18.75722721318921
25.75,71.75,0.06399999999999295,0.07483314773547153
25.75,72.25,16.94699999999857,27.4193404369957
25.75,72.5,24.6760000000001,32.10119125515457
25.75,73.0,107.31499999999947,160.2604870203499
25.75,73.25,503.28999999999996,749.0864175781056
25.75,73.5,757.400833333325,1130.6223029855307
25.75,74.0,1.4500000000000017,1.565466261337058
25.75,74.25,955.0641666666638,1430.3385225387456
25.75,74.5,686.2883333333456,1025.0129595522378
25.75,74.75,720.0816666666618,1076.0711196833834
25.75,75.0,1.6233333333333537,2.140264781127182
25.75,75.25,179.0345454545412,241.1794238924371
25.75,75.5,1.629999999999991,1.981481574673153
25.75,75.75,193.43909090909537,233.48317944087796
25.75,76.0,5.892000000000001,7.121894410899394
25.75,76.25,2.199230769230767,2.67963401634224
25.75,76.5,29.38333333333347,37.928089854354816
25.75,78.75,128.43274308300204,194.20917448528087
25.75,79.0,652.2833333333313,920.5015361566003
25.75,79.25,13.903042168677283,19.278867918357523
25.75,79.5,9.327948717948697,10.08147103094756
25.75,79.75,2.7168803139305853,3.228136109496406
25.75,80.0,73.81444444444459,109.98194321493595
25.75,80.25,306.80454545454444,401.6375811938812
25.75,80.5,90.27122549019454,128.41088064453885
25.75,80.75,351.33249999999754,538.443875046412
25.75,81.0,245.82666666666546,381.27896060496005
25.75,81.25,57.390000000000214,75.74256717208766
25.75,81.5,34.32545454545416,54.64818087299158
25.75,81.75,3.7656726907629476,4.119427555247
25.75,82.0,148.55719651605966,224.9898924199502
25.75,82.25,75.4677020202069,115.17025440427629
25.75,82.5,164.69099999999975,258.136939995034
25.75,82.75,42.76544906166141,67.74845280848197
25.75,83.0,295.7421925133712,451.5394899878729
25.75,83.25,11.817129195940673,12.831856824970568
25.75,83.5,209.43714285714265,281.5547505751384
25.75,83.75,1.9081459667094796,2.0568246121201788
25.75,84.0,233.09333333333407,373.78720980882633
25.75,84.25,298.18909090909005,414.8126999239305
25.75,84.5,3.2177756286266823,3.730480803090364
26.0,70.0,6.619999999999986,8.11585382612525
26.0,70.75,2.237272727272646,2.4069501637773887
26.0,71.0,121.61900000000131,189.87823321803032
26.0,71.5,35.21500000000016,42.57203561807547
26.0,71.75,420.2009090909089,629.3704416247309
26.0,72.25,438.30999999999057,622.5317468428868
26.0,72.5,26.410833333331947,38.66398054606518
26.0,72.75,353.6782553528947,507.88914551021975
26.0,73.0,0.7891666666666713,0.887125507843549
26.0,73.25,6.907500000000056,9.249120228432618
26.0,73.5,2.1399999999999912,2.50168942916581
26.0,73.75,24.460000000005504,36.25963596067396
26.0,74.0,67.41199999999621,100.70352317570045
26.0,74.25,79.9908333333251,119.67287359713995
26.0,74.5,4.416153846153843,5.036417377461878
26.0,74.75,118.53818181818127,190.51327908859952
26.0,75.0,1.3438461538461473,1.5011047214019966
26.0,75.25,84.51363636363727,130.75093425704966
26.0,75.5,1.6981818181818085,1.9278296793874814
26.0,75.75,831.8850000000039,1244.070698145145
26.0,76.25,1.4476923076923072,1.8099298753946653
26.0,76.5,5.079999999999999,5.930101828156721
26.0,79.0,109.81090909090993,176.8295336809399
26.0,79.25,66.1363636363638,73.89630326588377
26.0,79.5,37.741666666668216,55.273940665262074
26.0,79.75,494.0245454545468,680.3180729829801
26.0,80.0,15.159166666665987,24.090329989436547
26.0,80.25,169.14666666666707,272.83585184135967
26.0,80.5,193.0825000000028,270.3808754793915
26.0,80.75,331.2328853754864,495.94114831213807
26.0,81.0,247.90999999999985,333.866435894156
26.0,81.25,266.18518817203864,402.9340280080655
26.0,81.5,20.913538083539468,32.53165964209527
26.0,81.75,277.08750000000106,417.525727361003
26.0,82.0,15.805000000000687,17.477953732250494
26.0,82.25,11.114166666667357,15.595324887073188
26.0,82.5,260.0783750000013,390.3733310665193
26.0,82.75,18.222616375727572,20.96468125940771
26.0,83.0,188.24666666666838,298.4246364941544
26.0,83.25,454.4108333333352,695.78811745507
26.0,83.5,110.10499999999764,156.0497908788483
26.0,83.75,207.24583765112303,314.32662484719475
26.25,70.25,6.517,7.230116873190918
26.25,71.25,6.073999999997869,9.866428938573911
26.25,71.5,2.9407692307692193,3.4084295955310924
26.25,71.75,84.66090909090595,128.15063015486783
26.25,72.0,0.5715384615384599,0.6284106937345989
26.25,72.25,2.321999999999997,5.192149843754505
26.25,72.5,6.821428571428568,8.7416286485169
26.25,72.75,268.7600000000055,400.8642319414475
26.25,73.0,2.54538461538462,3.0301066241712014
26.25,73.25,227.24272727272339,340.0330307083759
26.25,73.75,1.067999999999995,1.3424753256577904
26.25,74.0,78.46300000000296,109.56865724284896
26.25,74.5,2.721666666666664,3.149801581052368
26.25,74.75,226.3745454545469,351.1151700717968
26.25,75.0,2.859999999999992,2.997883869049573
26.25,75.25,68.69545454545629,111.27148793502025
26.25,75.5,4.869595628415216,6.979635004408654
26.25,75.75,287.95182640145623,432.82086095153403
26.25,76.0,9.076666666666616,14.263385526117705
26.25,76.25,2.4053846153846097,3.333211664446163
26.25,76.5,893.0074999999882,1273.2365315113125
26.25,76.75,70.66000000000899,106.01768806110097
26.25,77.0,83.8510000000005,131.30251318996213
26.25,79.0,186.3058333333404,264.72530723690164
26.25,79.25,173.56083333333336,246.10560549961747
26.25,79.5,122.70500000000054,191.7022145585883
26.25,79.75,68.09000000000177,80.99083275846412
26.25,80.0,117.12666666666571,189.94051261732645
26.25,80.25,35.51910394265297,49.585313713108405
26.25,80.5,139.1880000000032,196.08277155324427
26.25,80.75,41.55729166666695,59.72844087601161
26.25,81.0,119.63099999999824,155.69054984166254
26.25,81.25,252.400833333335,395.6422055658394
26.25,81.5,243.1666666666688,385.61072432787597
26.25,81.75,351.56499999999966,552.0712864899479
26.25,82.0,466.0859848484917,700.6702933155732
26.25,82.25,29.33444444444332,38.73878576081203
26.25,82.5,95.49249999999974,147.71308864935833
26.25,82.75,28.019999999999754,32.324461325751095
26.25,83.25,3.282663043478255,3.3932814018325477
26.25,83.5,665.6449999999985,936.2406725748081
26.25,84.0,36.52909090908943,44.7854970437346
26.5,70.5,3.5666666666663125,4.727427066244606
26.5,71.25,0.7425000000000163,1.1459239358119193
26.5,71.5,1.2115384615384703,2.0222664360715488
26.5,71.75,3.71749999999998,5.931755642303569
26.5,72.75,31.443749999998325,45.87610802476348
26.5,73.0,4.570000000000436,5.895745923969996
26.5,73.25,34.00820763501026,36.88262467245435
26.5,73.5,0.0,0.0
26.5,74.0,0.2799999999999841,0.30983866769657575
26.5,74.25,539.164999999998,807.5652382934737
26.5,74.5,20.58285714285952,27.26865076027598
26.5,74.75,460.02416666667494,686.9208037746057
26.5,75.25,1.4891666666666812,2.1643185994672964
26.5,75.5,0.7349999999999947,0.8195018812262203
26.5,75.75,4.462499999999973,4.921452190834171
26.5,76.0,101.00122222222853,150.52889900262022
26.5,76.25,49.804000000000165,62.63071802238926
26.5,76.5,1.65846153846153,1.94881818230749
26.5,76.75,1.8238461538461523,2.067884463369786
26.5,77.0,3.7192307692307733,4.58416924778174
26.5,77.25,580.0827272727273,816.1417315693953
26.5,77.5,228.93454545454122,322.43167577868434
26.5,77.75,147.04727272726268,210.92099977348997
26.5,78.75,23.737826086956503,25.30726804829101
26.5,79.0,576.891666666669,822.6122962651799
26.5,79.25,310.3324019607773,464.50655676763387
26.5,79.5,65.18166666666787,84.27694267512872
26.5,79.75,25.293333333336573,39.78422221229724
26.5,80.0,208.00272727272895,287.40459753076254
26.5,80.25,79.56666666666437,94.43094513981836
26.5,80.5,143.55545454545393,228.95173772891627
26.5,80.75,234.29583333333213,357.3963663893801
26.5,81.0,1003.2824999999997,1525.7528193676496
26.5,81.25,305.99583333333044,473.4428286058721
26.5,81.5,72.05829646017615,111.2802960501436
26.5,81.75,51.64829059829073,80.8710746049329
26.5,82.0,441.4827272727278,666.4596125593272
26.5,82.25,129.56668095238126,198.213402421637
26.5,82.5,158.18249999999946,250.83544783715533
26.5,82.75,14.566249999999918,15.807745332589247
26.5,83.0,84.25308641974779,120.53241386029894
26.5,83.25,291.8558333333331,436.8237433355317
26.5,83.5,12.064906759905611,17.253771495286344
26.5,83.75,64.0319866666656,98.87529784904727
26.5,84.0,174.73545454545862,248.25140634958814
26.75,70.5,83.11099999999507,119.42607767986999
26.75,70.75,0.5053846153846127,0.6823094267604336
26.75,71.0,49.84999999999714,69.29885911758902
26.75,71.25,109.01142857142752,149.10122505963955
26.75,71.5,1.4584615384615391,1.7134759992483115
26.75,71.75,12.28000000000276,18.653490290027595
26.75,72.0,390.0109999999925,585.3946479400465
26.75,72.25,106.66000000000001,147.78122377352273
26.75,72.75,175.79511111111515,248.24496699002455
26.75,73.0,0.0,0.0
26.75,73.25,98.8571428571423,118.19338874428195
26.75,74.0,55.895454545467125,78.77273380372102
26.75,74.25,9.512500000004607,11.090281781816419
26.75,74.5,3.623684210527036,4.844613395036796
26.75,75.0,2.231111111111128,2.99390120819718
26.75,75.25,10.624545454544624,13.024579909468867
26.75,75.5,3.6284615384615395,4.49709906495287
26.75,75.75,21.10250000000762,31.99314991787159
26.75,76.0,227.81499999998422,324.40512830407835
26.75,76.25,1016.952500000004,1518.6169461251084
26.75,76.5,8.513076923076918,10.388724286826184
26.75,76.75,846.7400000000019,1269.0221666450004
26.75,77.0,8.075272727272786,9.687437882499026
26.75,77.25,1338.8058333333322,1890.8469961611543
26.75,77.5,2.837692307692311,3.433044175027803
26.75,77.75,69.33323051947865,105.58485652787176
26.75,78.0,98.97414141414343,140.58513354135397
26.75,78.25,2.593082437276015,3.4399692501276804
26.75,78.5,1.4766666666666712,1.9363453548717342
26.75,78.75,34.920000000000016,41.984929200845414
26.75,79.0,5.12874999999541,6.942554465030295
26.75,79.25,23.117499999999342,36.31211746786364
26.75,79.5,222.4258333333272,286.75247193063245
26.75,79.75,55.449090909090934,87.15416862715695
26.75,80.0,165.37999999999974,252.9561869178135
26.75,80.25,33.31250000000071,52.266842739925565
26.75,80.5,4.4352946127955235,6.0097751953828675
26.75,80.75,3.025786604360622,3.957296935296904
26.75,81.0,67.6082077625568,107.03865668234953
26.75,81.25,73.04107976653764,106.23829488035899
26.75,81.5,30.249999999999797,47.766596243260146
26.75,81.75,30.376000000000204,39.3612903751901
26.75,82.0,181.7799999999996,249.65642609171624
26.75,82.25,25.455499999999116,37.144329890306345
26.75,82.5,1.91530303030295,2.0905198741825575
26.75,82.75,6.073333333333412,6.61339405694097
26.75,83.0,24.426715686270843,37.35749148484089
26.75,83.25,117.6362499999989,137.2684303199377
26.75,83.5,186.58283783784046,282.4374741354215
26.75,83.75,67.70687500000476,103.47226949114092
27.0,70.0,4.230000000000044,4.2319579392995355
27.0,70.25,183.67099999999695,283.4268005852614
27.0,70.5,34.036,37.05278774937185
27.0,70.75,5.158333333335809,7.758893821505157
27.0,71.0,0.5254545454545468,0.6835069993656396
27.0,71.5,0.7846153846153794,0.8731023378205356
27.0,71.75,46.299666666657416,67.34876487293099
27.0,72.0,60.25666666666557,84.37400369782
27.0,72.25,198.46782258064184,305.8298425553785
27.0,73.25,2.750427807490713,3.678333350561894
27.0,73.75,80.00909090909394,126.45355058102032
27.0,74.0,619.7057142857144,812.3949389657365
27.0,74.25,1306.3916666666748,1957.61885058525
27.0,74.75,15.145714285716272,23.757054290706307
27.0,75.25,67.44111111110996,102.16549988458118
27.0,75.5,6.143277227725099,8.30050546452595
27.0,75.75,2584.4124999999917,3862.6521058820335
27.0,76.0,3.641471074380573,5.632011800913036
27.0,76.25,4.534999999999987,5.041191988673568
27.0,76.5,8.977999999998634,12.088139591397578
27.0,76.75,6.765384615384619,7.462378977243119
27.0,77.0,4.0546153846153805,4.406815525628801
27.0,77.25,1136.1799999999976,1702.75470163301
27.0,77.5,2.1838461538461527,2.305019606123856
27.0,77.75,138.43734265733607,208.33830675834193
27.0,78.25,6.620000000000019,8.525307423587012
27.0,78.5,1.2441595441584166,1.5290931137759425
27.0,78.75,185.99909090908957,238.15808117146014
27.0,79.0,20.96004901960865,32.26035265589515
27.0,79.25,22.284999999998355,35.993780018217
27.0,79.5,18.641358024693698,29.43608158667123
27.0,79.75,52.474134328352605,78.92117829268825
27.0,80.0,27.84444444444346,42.545874326685336
27.0,80.25,175.5141666666639,246.88204445645283
27.0,80.5,3.859666666667336,6.080826789545941
27.0,80.75,44.3883333333321,49.82261166712541
27.0,81.0,470.6875000000022,721.0980127035469
27.0,81.25,206.21916666666505,316.0860303382586
27.0,81.5,179.32833333333505,283.34825994995646
27.0,81.75,103.46749999999906,161.15369002394232
27.0,82.0,9.373280423280391,12.171196402565501
27.0,82.25,90.796666666668,125.06549677402555
27.0,82.5,559.2691666666683,867.9583219208574
27.0,82.75,423.6283333333338,657.9082927860596
27.0,83.0,666.9,1028.9857701882954
27.0,83.25,60.46999999999906,80.33011168208925
27.0,83.5,54.89441410693778,78.4189400667769
27.0,83.75,175.65875272331255,266.26410497415117
27.0,84.0,19.073750000000757,23.894004739684238
27.25,70.0,1.5576923076923022,1.786976389151406
27.25,70.25,4.076999999999796,4.8616900353680785
27.25,70.5,1.3000000000000047,3.2529891579189862
27.25,70.75,8.076000000004303,11.702028029369366
27.25,71.5,49.877500000000126,74.78501170020654
27.25,71.75,46.61833333333279,69.5478285067182
27.25,72.25,309.5781818181809,478.17854358539904
27.25,73.5,274.59272727272725,390.15787685593034
27.25,74.0,4.750000000000057,5.411410783397122
27.25,74.25,31.177142857143085,46.57728815021977
27.25,74.5,253.89461538462504,362.36621891078966
27.25,75.0,2.086153846153851,2.548824766889182
27.25,75.25,2229.853333333337,3337.0054152837943
27.25,75.5,363.9316666666711,543.0921858978828
27.25,75.75,265.5772727272732,430.3784613675405
27.25,76.0,30.90999999999947,46.41442286617313
27.25,76.25,7.6851940298527435,9.187953262796162
27.25,76.5,2.4908333333333275,3.0169755827097156
27.25,76.75,23.494545454543175,32.983445985686416
27.25,77.25,2.0276923076923064,2.5599999999999987
27.25,77.5,439.3469230769266,589.8406934014588
27.25,77.75,20.31545454545406,31.475215502185854
27.25,78.0,96.14500000000136,144.68920507994804
27.25,78.25,7.311999999999534,9.398170098481241
27.25,78.5,23.344000000000438,35.490542120402374
27.25,78.75,22.10380952381201,34.36220907768695
27.25,79.0,10.78333333333373,13.378192453891012
27.25,79.25,17.101666666666073,23.218500884710373
27.25,79.5,100.58083333333077,151.77439065379957
27.25,79.75,1.6010810810811809,1.8200590913972052
27.25,80.0,4.135105601469064,4.766638520104828
27.25,80.25,92.90242424242756,143.11992160987785
27.25,80.5,12.112167943805806,16.21619797452056
27.25,80.75,262.85416666666583,405.6834742238488
27.25,81.0,79.44916666666484,105.87506556471537
27.25,81.25,256.72166666666607,391.5685548321426
27.25,81.5,5.723937198067698,7.692134753665265
27.25,82.0,411.40166666666727,633.5532291896773
27.25,82.25,467.8516666666639,715.4360935121977
27.25,82.5,390.33545454545424,594.0703951170643
27.25,82.75,369.1858333333321,596.5691546599307
27.25,83.0,209.5349999999986,328.6944748039817
27.25,83.25,59.32285714285715,91.69836624187244
27.25,83.5,7.154545454545294,7.7771226275296375
27.5,70.0,0.2299999999999996,0.406589946525224
27.5,70.25,4.315000000000161,6.376352405568802
27.5,71.0,11.960454545454589,16.229622824477296
27.5,71.25,1.253750000000001,1.5641091713815898
27.5,71.5,43.349999999997536,61.33737441397026
27.5,71.75,1.8192307692307685,3.1447037282487353
27.5,72.0,185.35818181818428,258.02964544267894
27.5,72.25,6.598571428571148,9.23653382729958
27.5,72.5,104.60454545454527,166.11948397025967
27.5,73.0,1.9600000000002542,2.510975905898318
27.5,73.25,47.53806698564501,73.05553524735356
27.5,73.5,7.52488993710211,9.128669108275407
27.5,74.0,0.8358333333333429,1.1133320858276554
27.5,74.25,10.347058823523382,16.269096977134673
27.5,74.5,558.3308333333326,836.4473886374035
27.5,74.75,1.8484615384615233,2.1871354641314453
27.5,75.0,93.16916666666555,138.7001626711358
27.5,75.25,3.175818181818174,4.59231440957216
27.5,75.75,4.444926343154222,4.838643225334627
27.5,76.0,48.09750000000051,71.76547098013157
27.5,76.25,1829.190833333345,2736.1188871023915
27.5,76.5,39.83358803986989,62.205686393804946
27.5,76.75,3.272727272727286,3.9584340338068156
27.5,77.0,114.81749999999973,171.793909258545
27.5,77.25,11.259076424141469,15.155143813384731
27.5,77.5,98.72589569159759,151.97006024845544
27.5,77.75,5.591850877191921,7.346549629574927
27.5,78.0,60.03932893604975,94.46609352596377
27.5,78.25,516.6627272727267,725.294041018098
27.5,78.5,19.18933333333209,26.72894281434824
27.5,78.75,34.35000000000158,55.2336190899895
27.5,79.0,24.040000000002138,32.170552316735886
27.5,79.25,7.408943533697368,11.19711387607282
27.5,79.75,14.699860465109827,21.9988986240269
27.5,80.0,28.222655771187636,40.23757136853797
27.5,80.25,392.2991666666632,517.2577086826849
27.5,80.5,49.70192307692276,79.2412661197922
27.5,80.75,38.58083333333371,60.925842423392496
27.5,81.0,25.668333333329446,29.60681565675423
27.5,81.25,144.9250000000039,228.47274133545102
27.5,81.5,426.5508333333359,658.9827457592029
27.5,81.75,555.772500000004,846.3159041250553
27.5,82.0,257.1325000000001,411.7028241239875
27.5,82.25,77.10666666667746,125.71997633631868
27.5,82.5,344.4916666666683,526.8005888853984
27.75,70.25,2916.769166666667,4365.607408649836
27.75,72.0,1.1174968071520273,1.268546879306965
27.75,72.25,9.18636363636391,11.199740662582528
27.75,72.5,5.826666666664654,6.09904894059474
27.75,72.75,205.87599999999907,307.12333753721686
27.75,73.0,1.9024999999999999,2.393940266589791
27.75,73.25,5.1166666666676734,5.759968171208828
27.75,73.5,3.5300000000013756,4.065398088277739
27.75,73.75,82.86611111111014,123.31298577136201
27.75,74.0,4.724999999999998,9.450583315330325
27.75,74.25,84.39700657894234,117.19871515313913
27.75,74.5,84.77799999999947,127.89940367335467
27.75,74.75,0.8846153846153803,1.106811081093227
27.75,75.0,1322.2172727272796,1997.5015801086129
27.75,75.25,176.72083333332705,252.55070103181689
27.75,75.5,421.6112499999983,628.2414075317679
27.75,75.75,121.95583333333336,181.46562619864588
27.75,76.0,117.27024258760102,180.27382609124015
27.75,76.25,70.67265151515403,93.25472102999385
27.75,76.5,93.89083333333663,139.0780836736497
27.75,76.75,1137.9125861095345,1704.9123915420644
27.75,77.0,333.1500000000011,498.7752813308498
27.75,77.25,8.706766848817898,11.642120737031442
27.75,77.5,1.7471428571421492,2.6287612509086826
27.75,77.75,51.425833333331695,77.44912227821783
27.75,78.0,2.602342105263299,3.31676741343038
27.75,78.25,67.88111111110729,94.3802602360325
27.75,78.5,1.1917024539877374,1.2268958085818713
27.75,78.75,132.64142857143003,177.1608956771883
27.75,79.0,1.3339999999999919,1.7605056091929938
27.75,79.25,4.713949579832923,6.48166140373459
27.75,79.5,8.306666666666672,8.804169466792429
27.75,79.75,150.66083333333506,239.31975094351887
27.75,80.0,1.2626559934316006,1.6412602393717128
27.75,80.5,8.910782085561962,12.096202627236867
27.75,80.75,289.7124999999973,409.47989239399396
27.75,81.25,520.7291666666664,792.4330178685972
27.75,81.5,37.72333333333119,53.19968937878941
27.75,81.75,287.70250000000306,450.66664687808594
27.75,82.0,2.6769047619068735,2.79048743973851
28.0,72.0,79.8491666666646,123.824770711138
28.0,72.25,1.511857142856138,1.5458627470283661
28.0,73.0,10.648333333333659,16.675913268344527
28.0,73.25,31.072499999998893,47.31318834813936
28.0,73.5,7.21857142857002,9.86150886745115
28.0,73.75,1346.9625000000003,2013.7504215166123
28.0,74.0,7.285454545454074,10.941929362859158
28.0,74.25,1.110769230769235,2.017401222441314
28.0,74.5,135.4258333333361,202.22811840839955
28.0,74.75,26.12181818181132,44.960263870131634
28.0,75.0,53.25846153847162,80.74845729522012
28.0,75.25,0.7866666666666617,0.9448456664097752
28.0,75.5,224.3890909090941,336.0643414856522
28.0,75.75,136.8089407357012,211.51040098149466
28.0,76.0,1039.341818181817,1560.1308828370181
28.0,76.25,56.57637368711976,87.1236349042271
28.0,76.5,38.73597402596979,56.006759685113316
28.0,76.75,153.18951472556446,219.97635843695406
28.0,77.0,5.699999999994963,7.772237305124071
28.0,77.25,317.05471380470766,475.57546847660063
28.0,77.5,73.24250000000248,101.5369319508951
28.0,77.75,17.104000000000163,19.997992899288885
28.0,78.0,136.29600000000238,189.78691451204242
28.0,78.25,443.1209090909109,626.8829093002383
28.0,78.5,23.44999999999974,29.277491354280695
28.0,78.75,14.42399999999957,17.85523676684181
28.0,79.0,22.814285714286566,31.526065406264593
28.0,79.25,4.043333333332997,5.693531417318413
28.0,79.5,28.108000000000356,42.27311296793797
28.0,79.75,1.935000000000045,2.479747971064867
28.0,80.0,6.252627551020261,6.358101223130686
28.0,80.75,4.210000000000079,4.39469566636881
28.0,81.25,205.65416666666874,318.289887118125
28.25,72.25,161.2451356783919,243.9067377091501
28.25,72.5,27.81888888889003,38.33562442428872
28.25,72.75,124.05000000000018,168.45533600118702
28.25,73.0,0.8274999999999982,0.9952763435347994
28.25,73.25,1.656923076923083,2.2202910412133683
28.25,73.5,1.1074999999999733,1.1749574460378902
28.25,73.75,847.109090909089,1267.0320818138139
28.25,74.0,59.550874999993404,89.68880055763354
28.25,74.25,207.33272727272413,276.1831409508047
28.25,74.5,208.02346329114144,311.43713683550743
28.25,74.75,24.539166666665363,35.75654776867011
28.25,75.0,1.0876923076923022,1.328284028940517
28.25,75.25,535.5858333333375,801.1127940506735
28.25,75.5,1.9097129186604036,2.1648924523273774
28.25,75.75,64.30000000000007,71.17087852485746
28.25,76.0,167.64203534031495,254.4954095712891
28.25,76.25,43.48636363636728,55.556462270383925
28.25,76.5,195.08899999999676,261.9167227765298
28.25,76.75,2.5257657657657515,2.98389654659185
28.25,77.0,77.57327818522907,108.03518084473808
28.25,77.25,86.77445767196565,126.05121259748555
28.25,77.5,124.2275000000047,177.04410893428707
28.25,77.75,2.7733333333333974,3.460645411865694
28.25,78.0,2.4163030303031974,3.0834350080773967
28.25,78.25,15.000000000000009,21.424285285628567
28.25,78.5,2.44999999999996,2.6427674888269923
28.25,78.75,3.0566666666671884,3.8124795081426703
28.25,79.0,22.206464646463136,32.70807113558744
28.25,79.25,32.40302238806359,50.32131310674458
28.25,79.5,165.0599999999906,234.02186688814348
28.25,79.75,195.87583333333419,274.0096364029324
28.25,80.25,37.080999999998944,58.17293417045231
28.25,80.5,359.20333333333673,551.4765371557876
28.25,81.0,25.971322314049974,40.93743898448447
28.5,72.5,71.75833333333317,86.25917101000506
28.5,72.75,5.8963636363685366,7.763559399242241
28.5,73.0,2246.1783333333337,3363.109419617011
28.5,73.5,251.86300000000188,384.2169120301736
28.5,73.75,5.148461538461532,7.112840501515552
28.5,74.25,148.55090909090973,191.37059720011231
28.5,74.5,4077.0575000000026,6101.397567730559
28.5,75.0,1.9916666666666554,2.266006031177606
28.5,75.25,38.47083333333473,55.118867232556845
28.5,75.5,9.572416735481008,13.635883092567278
28.5,75.75,0.8909999999999997,1.5888706681161944
28.5,76.0,61.17833333331612,87.28718472182719
28.5,76.25,98.6463636363671,153.24176107173008
28.5,76.5,81.99333333333881,128.33012331484002
28.5,76.75,369.7569230769196,520.7197835540821
28.5,77.0,1.27948717948806,1.569563622451693
28.5,77.25,132.1291486183586,200.20302472477331
28.5,77.5,69.23571428571293,89.32421532180838
28.5,77.75,136.1489999999992,187.36548067880463
28.5,78.0,5.048571428572984,7.092092847137126
28.5,78.25,0.7500000000000057,0.8737162010630256
28.5,78.5,8.568412371133713,13.393426572198406
28.5,78.75,27.12833333333261,41.71986437338028
28.5,79.0,7.955000000000034,11.893382613874056
28.5,79.25,19.344874213840363,27.796033729125423
28.5,79.5,115.7600000000044,163.88494728148947
28.5,79.75,311.3525000000061,469.4571169358019
28.5,80.0,86.62500000000074,117.50141240285976
28.5,80.75,144.78916666666703,229.59934801373814
28.75,73.0,1.0066666666666606,1.1467853620737651
28.75,73.25,145.83916666667218,217.4337576711666
28.75,73.75,0.5738461538461501,0.827070827587432
28.75,74.0,0.6938461538461547,0.9941676069804487
28.75,74.25,0.5792307692307671,0.739724480933475
28.75,75.0,0.8507692307692353,1.017954207826057
28.75,75.5,95.53846153846945,147.47605703979022
28.75,75.75,254.174615384625,363.75371787686345
28.75,76.0,20.028333333329467,29.757231894106933
28.75,76.25,642.6120100083501,966.7670389349004
28.75,76.5,82.57000000000312,117.77051802835764
28.75,76.75,4.28273927392852,6.2818752919775065
28.75,77.0,97.84999999999494,131.5106493201727
28.75,77.25,26.25448875255608,36.81980515993809
28.75,77.5,69.78877477476973,105.6255960876179
28.75,77.75,194.23636363636652,273.8697393088424
28.75,78.0,4.3129523809507715,6.135037049252087
28.75,78.25,64.7671428571432,99.20620912307618
28.75,78.75,7.46599999999899,12.400900773732621
28.75,79.0,22.696666666666886,26.545030294451532
28.75,79.25,2.0949324324326,2.256205706310935
28.75,79.5,3.3598604651166966,4.923514120279979
29.0,73.0,283.2490909090919,389.6859851913415
29.0,73.25,0.33000000000000157,0.3890125566492305
29.0,73.5,0.6838461538461593,0.8207454397820833
29.0,73.75,3.283846153846147,3.3067541603395667
29.0,74.25,0.8869230769230901,1.0961225366648717
29.0,74.5,339.5741666666681,509.41943096202044
29.0,74.75,5.426923076923074,7.110831932286876
29.0,75.0,0.6823076923076971,0.7771298277834798
29.0,75.25,5.603481481479411,7.994017766731743
29.0,75.5,185.77500000000364,284.7442292362331
29.0,75.75,4.755909090901336,6.913310573469353
29.0,76.0,55.002135999997186,78.94700003211676
29.0,76.25,214.38909090909908,304.0365334208251
29.0,76.5,62.25666666666901,88.71406324065683
29.0,76.75,145.1955131964838,222.75913742676357
29.0,77.0,1.5749999999999944,1.9377435330817072
29.0,77.25,5.889999999999958,6.18211668174143
29.0,77.5,13.23395663956786,18.327385919267904
29.0,77.75,98.97496666667114,150.24422472121773
29.0,78.0,61.27666666666655,82.06077524209297
29.0,78.25,31.25055489964529,49.39669484246228
29.0,78.5,22.443333333333285,25.493214565622743
29.0,78.75,23.69955290610611,36.451608834466114
29.25,73.0,0.3884615384615437,0.42383777738477346
29.25,73.5,1.513076923076922,1.9473552084024888
29.25,73.75,73.8008333333361,109.99792160915699
29.25,74.0,6.982500000000276,10.815698852440173
29.25,74.25,1.4658333333333406,1.6096919995245542
29.25,74.5,75.65416666666941,111.93078035852153
29.25,74.75,25.027499999998614,36.8835463542555
29.25,75.0,178.07183431954638,266.9350144300045
29.25,75.25,111.22083333333099,156.54187381762196
29.25,75.5,243.52636363636432,335.1695672478211
29.25,75.75,106.0899999999989,129.34759242701915
29.25,76.0,238.57153846154526,362.1063135748625
29.25,76.25,13.211218637991742,19.43174657335418
29.25,76.5,24.0809090909054,31.688383446528217
29.25,76.75,54.4692702448221,77.10638567900418
29.25,77.0,78.22922448979638,127.86911837909486
29.25,77.25,1.5081944444444844,1.6583195316287909
29.25,77.5,53.70874999999747,75.39486920046785
29.25,77.75,112.21272727272921,158.81788255162786
29.25,78.0,21.96222222221998,31.30212736824093
29.25,78.25,141.58000000000035,188.72700310236525
29.25,78.5,8.77428571428579,10.162567167235382
29.5,73.25,0.32769230769231356,0.4336606259064147
29.5,73.5,0.41076923076922667,0.7592202477643631
29.5,73.75,0.47846153846154277,0.7561338912775027
29.5,74.0,1.9074999999999964,2.147962212578856
29.5,74.25,0.9400000000000043,1.0238539559316695
29.5,74.5,1.8953562653567246,2.3460106748969265
29.5,74.75,40.37454545454097,62.61370602206337
29.5,75.0,0.7277777777777854,0.7497036451529137
29.5,75.25,7.672999999999831,12.57520918315051
29.5,75.5,3.894545454545238,6.132528603333444
29.5,75.75,167.89454545454348,253.58183860979818
29.5,76.0,238.9472727272729,303.06363670178126
29.5,76.25,134.36416666666318,209.36431670256326
29.5,76.5,152.05444444444376,236.89415228934718
29.5,76.75,536.6777777777779,736.8106948946328
29.5,77.0,25.10008333333296,35.40914528271955
29.5,77.25,38.959396636993496,54.52990508375336
29.5,77.5,22.66540000000334,35.68437761403236
29.5,77.75,22.320000000000856,30.76197693582246
29.5,78.0,148.88777777777568,205.01383159300053
29.5,78.25,359.057777777777,537.7346101315521
29.75,73.25,38.965833333332874,49.10610306604746
29.75,73.5,2.880769230769241,6.282834367728292
29.75,73.75,7.666518518515637,10.97068568031206
29.75,74.0,77.60500000000276,113.72946906292259
29.75,74.25,59.15062499999477,83.67913998571413
29.75,74.5,11.910364583339591,16.677465138843193
29.75,74.75,1.672398190044753,2.3479554984333117
29.75,75.0,352.4875000000043,559.1445651618257
29.75,75.25,1297.1453673853946,1950.1928054701507
29.75,75.5,1.934689440993783,2.440090385273892
29.75,75.75,225.57937499999156,340.7642675754628
29.75,76.0,11.166285714284129,15.340865276395045
29.75,76.25,249.55999999999725,386.91728174002225
29.75,76.5,32.36199999999945,36.22023826536686
29.75,76.75,11.750256849314471,16.171240980644402
29.75,77.0,157.7733333333341,237.20751271595384
29.75,77.25,13.670000000001204,18.264084428190102
29.75,77.5,13.494999999999678,16.386614964659024
30.0,73.75,11.367999999999615,15.145456084251236
30.0,74.0,189.00470588232753,273.8111560267144
30.0,74.25,168.37705882353345,241.34743020117048
30.0,74.5,42.32850130888956,60.629736049722815
30.0,74.75,333.6769659442821,501.56375310842833
30.0,75.0,155.95764705882132,188.55449965772561
30.0,75.25,179.022666666653,257.146793460877
30.0,75.5,47.08211093990624,72.29525013602392
30.0,75.75,98.7928571428578,129.19926796564044
30.0,76.0,26.42402285714394,36.8252820843584
30.0,76.25,3.4949494949489766,3.9440601605375987
30.0,76.5,112.65799999999692,172.35395632244249
30.0,76.75,756.7499999999989,1147.3621136415463
30.0,77.0,152.68399999999818,233.21262950363288
30.0,77.25,163.1145454545538,245.93776729454166
30.0,77.5,96.77902262444384,138.10964955445536
30.0,77.75,211.0781818181971,282.9937630536853
30.25,73.75,3.5533333333331996,4.188038522586137
30.25,74.0,44.10818181817303,62.86133910873908
30.25,74.25,6.553749999999759,11.11696057832317
30.25,74.5,150.81610492845874,218.61466005480605
30.25,74.75,894.7017647058686,1292.6207278534637
30.25,75.0,655.3492156863076,954.1771974452154
30.25,75.25,12.478888888889944,16.806561879881748
30.25,75.5,57.286666666670534,80.54309501311144
30.25,75.75,88.51285714285596,125.01466833935748
30.25,76.0,9.01333333333296,9.708177538091425
30.25,76.25,1.0289999999999992,1.1650793964361366
30.25,76.5,33.88124999998846,45.97262187974978
30.25,76.75,449.1744720873717,651.0690923343249
30.25,77.0,381.82333333332707,535.3419940094278
30.25,77.25,137.73999999999214,196.1943688029695
30.25,77.5,72.61727272727687,115.78047609789839
30.5,74.0,1.963333333333395,2.2076005073383005
30.5,74.25,129.46750246467346,187.00192163394712
30.5,74.5,756.0182352940986,1093.2651364093592
30.5,74.75,9.060055493896161,12.548159695333583
30.5,75.0,52.98571428571485,79.8181762328794
30.5,75.25,12.54309251101257,19.158071718973368
30.5,75.5,244.00875000000008,364.07233774690997
30.5,75.75,216.73615384615044,308.0667933943946
30.5,76.0,11.184661654136843,15.811362009656397
30.5,76.25,8.344126984123605,11.345824344693595
30.5,76.5,26.182500000010872,43.80242972714553
30.5,76.75,149.91687500004116,196.0988026003065
30.5,77.0,23.87272727275895,26.276222919420864
30.75,74.25,81.6549999999994,110.40597953311446
30.75,74.5,161.9182352941165,260.64808410394613
30.75,74.75,41.49500000000143,66.12300620812908
30.75,75.0,206.09857142857203,266.36079089943365
30.75,75.25,27.243749999998247,32.65474410403243
30.75,75.5,6.583333333332973,8.098199388340973
30.75,75.75,102.38000000003159,147.420934444581
30.75,76.0,291.9337499999834,421.9571212516501
30.75,76.25,242.48875000001226,369.0523368372204
30.75,76.5,102.1633333333179,146.41891834730055
30.75,76.75,1.1030000000000086,1.2909879937474382
31.0,74.5,216.58999999999787,301.14233262694614
31.0,74.75,129.76874999999893,195.85705338970908
31.0,75.0,2083.5313333333415,3145.1036549034034
31.0,75.25,455.0738461538394,651.7243958087614
31.0,75.5,131.32364661653241,202.36744026668308
31.0,75.75,217.3915384615372,307.9784129922579
31.0,76.0,15.533124999986722,21.752160381193548
31.0,76.25,75.59670258620736,109.2414602338763
31.0,76.5,968.3635294117701,1401.2760213420684
31.25,74.5,25.565000000000772,28.537935629614864
31.25,74.75,1.197252747253803,1.5688014657339955
31.25,75.0,17.97222222222054,23.941551745863908
31.25,75.25,21.056492768595902,22.628831771677863
31.25,75.5,675.4566666666807,973.6601236126354
31.25,75.75,191.29624999999825,311.49011218255094
31.25,76.0,54.869475662843975,81.63233421819163
31.25,76.25,267.8635294117572,432.9109600612644
31.5,74.5,780.7721428571451,1177.8733554498037
31.5,74.75,13.028333333333057,19.9816102954688
31.5,75.0,20.268481764209792,31.52816203463576
31.5,75.25,235.9792857142748,372.9952538859127
31.5,75.5,42.16036486486414,58.83744739593376
31.5,75.75,740.7464705882087,1034.0154945561853
31.75,74.5,45.88857142857017,60.879302605352436
31.75,74.75,162.91071428572124,248.21984721211385
31.75,75.0,488.75874999999814,733.8577847580523
31.75,75.25,10.056666666666748,14.694114468044802
31.75,75.5,403.4335294117735,530.0725415006468
31.75,75.75,292.48705882345905,423.9860710391413
32.0,75.0,58.42792671169165,84.92024147630151
32.0,75.25,128.0376470588146,212.3415282870687
32.0,75.5,1155.1076470588516,1644.0235087181027
32.25,75.25,2.7622222222184214,4.145857716561304
32.25,75.5,809.8311764706757,1125.670158426028
32.25,75.75,5.1425454545516915,7.009865892785657
