Lat,Lon,Best_Model,R2
23.0,74.25,SARIMA,0.030301643681951318
23.0,74.5,SARIMA,-1.0590980150635936
23.25,73.75,RNN,0.20520922019980958
23.25,74.0,RNN,-0.236628347887748
23.25,74.25,LSTM,-0.2750549866728187
23.5,73.5,SARIMA,-0.06804466669236042
23.5,73.75,SARIMA,-0.029664251042010426
23.5,74.0,SARIMA,0.08709714121070655
23.5,74.25,RNN,-1.077400631305185
23.5,74.5,LSTM,-0.2614128737156971
23.5,74.75,SARIMA,-0.26592165690562
23.75,73.25,LSTM,-0.1500287833075047
23.75,73.5,PCHIP,-0.01141663465178544
23.75,73.75,LSTM,-0.2283701166323453
23.75,74.0,SARIMA,-0.6898371031396819
23.75,74.25,RNN,-0.1547766802131727
23.75,74.5,SARIMA,0.32225651759825036
23.75,74.75,LSTM,0.06484119650372677
23.75,75.5,RNN,-0.15434630746368905
23.75,75.75,RNN,-0.19562265051395622
23.75,83.0,LSTM,0.11642248380661735
24.0,73.25,LSTM,-0.12122748038546649
24.0,73.5,SARIMA,-0.10143378078692233
24.0,73.75,RNN,-0.26304308816326194
24.0,74.0,LSTM,-0.24801316196296752
24.0,74.25,RNN,-0.08172945696253708
24.0,74.5,LSTM,0.1328215224114151
24.0,74.75,LSTM,-0.009266348082394016
24.0,75.75,SARIMA,-0.815946974184756
24.0,76.75,SARIMA,-0.6477371986433436
24.0,82.75,LSTM,-0.2965432325591295
24.0,83.0,LSTM,-0.19064821483390304
24.25,72.5,LSTM,-0.10800001243277313
24.25,72.75,SARIMA,-0.46371411975847265
24.25,73.25,LSTM,-0.5838288486991576
24.25,73.5,SARIMA,-0.013175280627286012
24.25,73.75,RNN,0.08250387028289574
24.25,74.0,LSTM,-0.35623591524821996
24.25,74.25,LSTM,-0.4632781925457885
24.25,74.5,SARIMA,-0.216940810849231
24.25,75.75,PCHIP,-0.014804126055452116
24.25,76.0,SARIMA,-1.0321141365771842
24.25,76.25,SARIMA,0.19376442492603463
24.25,76.5,SARIMA,0.1263523795889515
24.25,76.75,RNN,-0.5658193632243071
24.25,78.25,SARIMA,-0.5745746890583396
24.25,78.5,SARIMA,-0.02057224516472589
24.25,78.75,RNN,0.544947679691478
24.25,83.0,LSTM,-0.0720252122549998
24.5,72.0,SARIMA,0.16068869563281707
24.5,72.25,LSTM,-0.07309074820927552
24.5,72.5,SARIMA,-1.642661972118868
24.5,72.75,RNN,-0.1784830149855583
24.5,73.25,RNN,-0.126223522812547
24.5,73.5,RNN,-0.07118743964716279
24.5,73.75,RNN,-0.19893044231566703
24.5,74.0,RNN,-0.355341526987329
24.5,74.25,RNN,-0.48472137298354245
24.5,76.0,LSTM,-1.208689259494585
24.5,76.25,LSTM,-0.24009692731944954
24.5,76.5,RNN,-0.019659453619072842
24.5,76.75,LSTM,-0.2038180824241662
24.5,78.25,RNN,-0.0012128704791187772
24.5,78.5,LSTM,-0.036952251725201446
24.5,82.75,LSTM,0.061117018225305464
24.5,83.0,RNN,0.08463435758182947
24.75,71.0,SARIMA,-0.3020826083645811
24.75,71.25,SARIMA,-3.363776276095444
24.75,71.5,SARIMA,-0.724919624230346
24.75,71.75,SARIMA,-0.4614037658157879
24.75,72.0,LSTM,-4.085488997176918
24.75,72.25,SARIMA,-2.376939925179532
24.75,72.5,SARIMA,-0.06413685137663583
24.75,72.75,SARIMA,0.10229515507378528
24.75,73.0,LSTM,-0.17236322805535176
24.75,73.25,SARIMA,0.0065939685718705565
24.75,73.5,RNN,-0.06853177223471141
24.75,73.75,SARIMA,-1.8825627758063384
24.75,74.0,RNN,-0.20260148292650926
24.75,74.25,SARIMA,-0.30831215155579494
24.75,74.5,LSTM,-0.4325782045494315
24.75,75.5,LSTM,-0.11625284120767154
24.75,75.75,RNN,-0.10014531003735616
24.75,76.25,LSTM,0.0381313800366031
24.75,76.5,SARIMA,-0.250069218632645
24.75,78.25,LSTM,-0.272606960613921
24.75,78.5,SARIMA,-0.7711673081010835
24.75,81.75,LSTM,-0.03902583180269126
24.75,82.0,LSTM,0.29291123597764945
24.75,82.25,SARIMA,0.22101640481020002
24.75,82.5,SARIMA,-0.4128911746218762
24.75,82.75,SARIMA,0.06635728118343454
24.75,83.0,SARIMA,-1.2365188062995496
25.0,71.0,LSTM,-1.3988837014316395
25.0,71.25,RNN,0.047896274451026954
25.0,71.5,LSTM,-2.844821934376374
25.0,72.0,RNN,-4.176697382170259
25.0,72.25,LSTM,0.14632690783094648
25.0,72.5,SARIMA,-0.3497070999689935
25.0,72.75,RNN,0.30400889488629057
25.0,73.0,RNN,-0.3025087000752966
25.0,73.25,RNN,0.049016172137263614
25.0,73.5,SARIMA,-0.18146355366695688
25.0,73.75,LSTM,-0.011913810241929612
25.0,74.0,LSTM,-0.676213505133973
25.0,74.25,LSTM,-0.3306934962909076
25.0,74.5,SARIMA,-0.16101767895233743
25.0,74.75,LSTM,-0.09444300636771841
25.0,75.0,LSTM,-8.043760873678655
25.0,75.25,SARIMA,0.11534570840566682
25.0,75.5,SARIMA,0.048506471308525034
25.0,75.75,SARIMA,-0.17500993662394482
25.0,76.0,LSTM,-0.007818526015803018
25.0,76.25,RNN,-0.29685069856653823
25.0,76.5,PCHIP,-0.5341851120500776
25.0,76.75,LSTM,-0.028844658744433982
25.0,77.0,SARIMA,-0.030044438414666086
25.0,77.25,SARIMA,0.11273709722763225
25.0,78.25,RNN,-0.0014954718414132984
25.0,78.5,RNN,-0.07188525796543721
25.0,79.25,RNN,-6.219319905826439
25.0,79.5,LSTM,-0.009255783342135615
25.0,79.75,LSTM,0.09140554129957901
25.0,80.25,LSTM,-0.4337230138879562
25.0,80.5,SARIMA,-0.12494918273940447
25.0,80.75,SARIMA,-0.17570482266119525
25.0,81.0,RNN,0.11590128472518024
25.0,81.25,SARIMA,-0.07566914201134911
25.0,81.5,SARIMA,0.23306368247744058
25.0,81.75,SARIMA,0.07429276576100474
25.0,82.0,SARIMA,0.2610929665834696
25.0,82.25,RNN,0.3098064913056804
25.0,82.5,SARIMA,-0.2326091409756028
25.0,82.75,RNN,-0.3079469875986567
25.0,83.0,SARIMA,0.3150847966689584
25.25,70.75,LSTM,0.13261104163930315
25.25,71.0,LSTM,0.04187743000728039
25.25,71.25,PCHIP,-0.32301802520338074
25.25,71.5,LSTM,-0.21582808229740924
25.25,72.0,SARIMA,-1.7022702920913133
25.25,72.25,SARIMA,-1.3733655927024033
25.25,72.5,PCHIP,0.16432994077766772
25.25,72.75,LSTM,0.3783189573476089
25.25,73.0,LSTM,0.04058600523686495
25.25,73.25,PCHIP,-0.20468684274613458
25.25,73.5,PCHIP,-1.8083930806580009
25.25,73.75,RNN,-0.22762415177928585
25.25,74.0,SARIMA,-0.911577706425601
25.25,74.5,RNN,0.14553022005723792
25.25,74.75,SARIMA,0.06131900819329206
25.25,75.0,RNN,0.019709985720024248
25.25,75.5,SARIMA,-0.0335363252317451
25.25,75.75,PCHIP,-0.18389373064769488
25.25,76.0,RNN,-1.3258324769674825
25.25,76.25,SARIMA,-0.038536133793926064
25.25,76.5,SARIMA,-0.09131506406912537
25.25,77.0,SARIMA,-0.04535961096757535
25.25,77.25,SARIMA,0.06081320832484083
25.25,78.25,RNN,0.18291691910710772
25.25,78.5,SARIMA,0.29651682923642975
25.25,78.75,RNN,0.2853064951822971
25.25,79.0,LSTM,-1.9652892707057559
25.25,79.25,RNN,-0.007524774762154296
25.25,79.5,RNN,-0.3168747150575697
25.25,79.75,RNN,-0.29310512343213957
25.25,80.0,LSTM,0.08800933838168268
25.25,80.25,SARIMA,-1.349963698470408
25.25,80.5,RNN,0.15906466744643388
25.25,80.75,SARIMA,0.06338945517165862
25.25,81.0,LSTM,0.348201625147178
25.25,81.25,LSTM,0.13574911421787605
25.25,81.5,LSTM,0.07246145635188705
25.25,81.75,RNN,0.11140716058595301
25.25,82.0,RNN,0.32904525442083854
25.25,82.25,SARIMA,-0.08785562837594552
25.25,82.5,LSTM,-0.16463415114677238
25.25,82.75,LSTM,0.019302997903550945
25.25,83.0,LSTM,-0.041096822007625544
25.25,83.25,RNN,0.6602177548972934
25.25,83.5,RNN,0.15048223415511808
25.25,83.75,LSTM,-0.07516205406288612
25.5,70.5,LSTM,-0.06662035416028989
25.5,70.75,LSTM,0.06930816997394296
25.5,71.0,SARIMA,-0.9262924150309684
25.5,71.25,RNN,-0.19759066544320292
25.5,71.5,LSTM,-0.1991796741798697
25.5,71.75,RNN,0.036171657388432754
25.5,72.5,PCHIP,-1.752050330906389
25.5,72.75,LSTM,-16.061842729000304
25.5,73.25,SARIMA,-1.431782077478959
25.5,73.75,SARIMA,0.08796081239026965
25.5,74.0,SARIMA,-0.06447820295264872
25.5,74.25,LSTM,0.02987840051020818
25.5,74.5,LSTM,-0.42374575482656796
25.5,74.75,SARIMA,0.2541196772572808
25.5,75.0,LSTM,0.07203057105014155
25.5,75.25,RNN,0.10726968236533285
25.5,75.5,LSTM,0.07022474700454118
25.5,75.75,RNN,-0.05620008433973389
25.5,76.0,SARIMA,-0.09155633786166617
25.5,76.25,RNN,0.056674420917428026
25.5,78.75,RNN,0.1675807552494617
25.5,79.0,SARIMA,0.06273422219664493
25.5,79.25,PCHIP,0.0
25.5,79.5,RNN,0.024797506265922586
25.5,79.75,SARIMA,0.007424893582919423
25.5,80.0,RNN,0.016996139772027075
25.5,80.25,LSTM,-0.1792459447717849
25.5,80.5,RNN,-1.7159424169923532
25.5,80.75,SARIMA,0.09312649913322824
25.5,81.0,PCHIP,0.0
25.5,81.25,RNN,-0.004842106624122211
25.5,81.5,LSTM,0.007157250371353285
25.5,81.75,RNN,-0.7292228404688914
25.5,82.0,RNN,-0.09998071550687992
25.5,82.25,SARIMA,0.0329125364484244
25.5,82.5,LSTM,-0.11615795771560955
25.5,82.75,SARIMA,-0.84278070435748
25.5,83.0,RNN,0.06693330912867423
25.5,83.25,LSTM,-0.06280966595548976
25.5,83.5,SARIMA,0.15896384303328182
25.5,83.75,LSTM,0.06558288418357727
25.5,84.0,SARIMA,0.21838007641414103
25.5,84.25,SARIMA,-0.0390667540636187
25.5,84.5,LSTM,0.022015395147212846
25.75,70.0,LSTM,-0.8262812285066459
25.75,70.25,PCHIP,-6.2126450457918585
25.75,70.75,RNN,-1.787252404580855
25.75,71.0,SARIMA,-0.6364951445350191
25.75,71.25,RNN,-0.7599057583268076
25.75,71.5,RNN,-0.8796380019249632
25.75,71.75,PCHIP,-0.6990291262136326
25.75,72.25,RNN,-0.06675047600949346
25.75,72.5,RNN,-0.4504776979036327
25.75,73.0,RNN,0.09477553922115056
25.75,73.25,LSTM,-0.10062367375597359
25.75,73.5,LSTM,-6.913550156937513
25.75,74.0,PCHIP,-0.03399354287209699
25.75,74.25,LSTM,-1.970284771048353
25.75,74.5,RNN,0.02023387410145605
25.75,74.75,SARIMA,-0.026214853582764208
25.75,75.0,SARIMA,-0.09915075056435385
25.75,75.25,RNN,-0.25473657762127755
25.75,75.5,RNN,-0.9396970748254843
25.75,75.75,LSTM,-0.2728486022442347
25.75,76.0,LSTM,-0.09230805594900171
25.75,76.25,RNN,-0.10225895714112743
25.75,76.5,RNN,-0.07934363081960205
25.75,78.75,SARIMA,-0.10215519691460218
25.75,79.0,SARIMA,0.09244897092427107
25.75,79.25,LSTM,-0.42799162120404444
25.75,79.5,RNN,-0.7802702387948719
25.75,79.75,SARIMA,-1.8811675597552053
25.75,80.0,LSTM,-0.8678664772536748
25.75,80.25,LSTM,-7.045653587546925
25.75,80.5,LSTM,-0.03311880998705741
25.75,80.75,RNN,0.0166923056280196
25.75,81.0,LSTM,0.016353599009234387
25.75,81.25,RNN,-0.006403097975856031
25.75,81.5,RNN,0.1579573889815391
25.75,81.75,SARIMA,0.03309813572655107
25.75,82.0,SARIMA,-0.002601427782877197
25.75,82.25,SARIMA,0.19760871197493934
25.75,82.5,LSTM,-0.39188716206092145
25.75,82.75,SARIMA,0.4683094439323551
25.75,83.0,RNN,-0.28515413521153654
25.75,83.25,SARIMA,0.35526177374616386
25.75,83.5,RNN,-0.9828337882119809
25.75,83.75,SARIMA,0.030617724772985078
25.75,84.0,RNN,0.3814855660593012
25.75,84.25,RNN,-0.07747250518042748
25.75,84.5,RNN,-1.6762173106005185
26.0,70.0,LSTM,-1.9412653613033481
26.0,70.75,RNN,-0.23338522207387413
26.0,71.0,SARIMA,-0.6959161261999178
26.0,71.5,SARIMA,-0.08982281300934325
26.0,71.75,SARIMA,-1.2210857691410912
26.0,72.25,LSTM,0.09249830638986689
26.0,72.5,SARIMA,-1.6178132283722562
26.0,72.75,LSTM,0.023784390086114993
26.0,73.0,RNN,0.08731460908121214
26.0,73.25,SARIMA,0.07609333982412592
26.0,73.5,LSTM,-0.0075687463738671745
26.0,73.75,SARIMA,-0.6112406700129205
26.0,74.0,SARIMA,-0.1511167126179478
26.0,74.25,RNN,-1.3819816970257328
26.0,74.5,RNN,0.17382034162300952
26.0,74.75,RNN,-0.06572628367903133
26.0,75.0,SARIMA,-0.16820060304149287
26.0,75.25,LSTM,0.11046116643799286
26.0,75.5,SARIMA,-0.035345724067887385
26.0,75.75,LSTM,0.01622740605618589
26.0,76.25,SARIMA,-0.06621731586807922
26.0,76.5,LSTM,0.08666031824176312
26.0,79.0,LSTM,-0.14076190956001722
26.0,79.25,RNN,-0.273955332832422
26.0,79.5,RNN,0.009855391677779601
26.0,79.75,SARIMA,-8.09461351961319
26.0,80.0,LSTM,0.08042136063955763
26.0,80.25,SARIMA,0.05453525415284921
26.0,80.5,RNN,-0.049342754402388334
26.0,80.75,LSTM,0.09119573535885239
26.0,81.0,LSTM,0.01061894313515721
26.0,81.25,SARIMA,0.3415418870138993
26.0,81.5,RNN,-0.026724439982222847
26.0,81.75,LSTM,0.09246592139655607
26.0,82.0,RNN,0.09857515369807524
26.0,82.25,RNN,0.1750597211610656
26.0,82.5,SARIMA,-0.30138921206653424
26.0,82.75,SARIMA,0.07173297583273619
26.0,83.0,LSTM,0.05111529650086777
26.0,83.25,LSTM,-0.020087763318485496
26.0,83.5,LSTM,-0.027402745602943757
26.0,83.75,SARIMA,0.1668959294665231
26.25,70.25,PCHIP,-0.04112695851657544
26.25,71.25,LSTM,-1.85281980464941
26.25,71.5,SARIMA,-2.8578864442410277
26.25,71.75,RNN,0.03172540529878809
26.25,72.0,PCHIP,-0.36631849188864485
26.25,72.25,PCHIP,-0.2500000000000002
26.25,72.5,SARIMA,0.009013972663580172
26.25,72.75,RNN,-0.23091729823252494
26.25,73.0,LSTM,-0.19771736796715578
26.25,73.25,SARIMA,-0.8341527097995409
26.25,73.75,LSTM,0.042989347085057195
26.25,74.0,LSTM,-0.20605841313432194
26.25,74.5,RNN,0.18679530660916333
26.25,74.75,SARIMA,-0.21793384263381443
26.25,75.0,PCHIP,-10.126930915601646
26.25,75.25,SARIMA,-0.24835788470288755
26.25,75.5,SARIMA,-0.5247376391534546
26.25,75.75,SARIMA,-0.19837048806778812
26.25,76.0,SARIMA,-0.30294641279852663
26.25,76.25,PCHIP,-0.06075174800483096
26.25,76.5,RNN,-6.178883601825294
26.25,76.75,LSTM,-1.2641217246733638
26.25,77.0,RNN,-1.3530997413805603
26.25,79.0,RNN,0.19905078528063536
26.25,79.25,RNN,-0.35423396308266053
26.25,79.5,RNN,-5.566922979758733
26.25,79.75,SARIMA,-0.4276973284275505
26.25,80.0,LSTM,-0.005024465173609327
26.25,80.25,LSTM,-0.19856620366852185
26.25,80.5,SARIMA,0.08752510253923795
26.25,80.75,RNN,-3.627203252363378
26.25,81.0,LSTM,-0.0976328278616434
26.25,81.25,LSTM,0.07763408729115295
26.25,81.5,RNN,0.26511600657374934
26.25,81.75,SARIMA,0.40765744977539553
26.25,82.0,LSTM,-0.1465759915664211
26.25,82.25,RNN,0.04860168662707465
26.25,82.5,RNN,0.42928393369395723
26.25,82.75,LSTM,-6.467224987058346
26.25,83.25,LSTM,-1.6365046594091357
26.25,83.5,LSTM,0.003845457261381413
26.25,84.0,LSTM,0.11927596705049459
26.5,70.5,RNN,-0.1252974189808338
26.5,71.25,SARIMA,-0.001655326743000396
26.5,71.5,PCHIP,-0.0009502088258042107
26.5,71.75,LSTM,-0.24680200888584447
26.5,72.75,RNN,-1.9692270636281286
26.5,73.0,SARIMA,-41.85091395182469
26.5,73.25,SARIMA,-0.04686609368566552
26.5,73.5,PCHIP,1.0
26.5,74.0,PCHIP,-1.4999999999996452
26.5,74.25,RNN,0.0423304611815678
26.5,74.5,SARIMA,-0.48821646338223923
26.5,74.75,RNN,0.04919545096116262
26.5,75.25,LSTM,-0.1641156196993241
26.5,75.5,PCHIP,-0.2006316761765492
26.5,75.75,RNN,-0.8741066145382588
26.5,76.0,SARIMA,-0.5506315848261536
26.5,76.25,SARIMA,-1.2289194011660882
26.5,76.5,SARIMA,-0.2809241313238746
26.5,76.75,LSTM,-0.20606632143751824
26.5,77.0,SARIMA,-0.32672252582924144
26.5,77.25,RNN,0.02550584795491284
26.5,77.5,SARIMA,-2.4446747746310975
26.5,77.75,SARIMA,-0.2352362229854792
26.5,78.75,RNN,-154.50716888843306
26.5,79.0,SARIMA,-1.257832835234904
26.5,79.25,SARIMA,0.051432760343982364
26.5,79.5,RNN,-0.1970787241456482
26.5,79.75,RNN,-0.34861138956690585
26.5,80.0,RNN,0.126148188114811
26.5,80.25,SARIMA,0.11533195917973182
26.5,80.5,SARIMA,-0.13097153025289998
26.5,80.75,LSTM,-0.37670985749639363
26.5,81.0,SARIMA,0.3753392856121939
26.5,81.25,SARIMA,0.45739383476515416
26.5,81.5,LSTM,0.3301139076886831
26.5,81.75,SARIMA,-3.6374802705593847
26.5,82.0,LSTM,0.1443259325800088
26.5,82.25,RNN,0.35487338890861087
26.5,82.5,RNN,0.40577943770984226
26.5,82.75,SARIMA,0.007105322397487068
26.5,83.0,RNN,-0.038951524016810124
26.5,83.25,SARIMA,0.017264191709142618
26.5,83.5,LSTM,0.11258364786150421
26.5,83.75,SARIMA,0.4082133833733199
26.5,84.0,LSTM,0.13448785618568537
26.75,70.5,SARIMA,-0.9958927398894939
26.75,70.75,PCHIP,-0.0003674582063966092
26.75,71.0,RNN,-1.7759648244237338
26.75,71.25,SARIMA,0.3144655930269732
26.75,71.5,RNN,0.027890612323287378
26.75,71.75,RNN,-0.015741855201025556
26.75,72.0,RNN,-0.08477260722131774
26.75,72.25,SARIMA,-2.2997145391189817
26.75,72.75,RNN,-18.68541866746367
26.75,73.0,PCHIP,1.0
26.75,73.25,SARIMA,0.05465205001639206
26.75,74.0,SARIMA,-0.8419164949118869
26.75,74.25,LSTM,-0.14972206474752747
26.75,74.5,RNN,-0.0891953280010771
26.75,75.0,RNN,-0.23600696127385512
26.75,75.25,SARIMA,-0.7360163331172644
26.75,75.5,PCHIP,-0.38522658842672186
26.75,75.75,RNN,-0.6250379840414793
26.75,76.0,RNN,-15.37714630241275
26.75,76.25,SARIMA,-0.46374810643340303
26.75,76.5,SARIMA,-1.0213611809495027
26.75,76.75,RNN,0.0895195851805286
26.75,77.0,PCHIP,-0.22497000573058634
26.75,77.25,LSTM,-3.0299247410532058
26.75,77.5,RNN,-0.6927762689107002
26.75,77.75,SARIMA,0.01843373326782627
26.75,78.0,SARIMA,-1.5895655516439082
26.75,78.25,LSTM,-0.3283993304242221
26.75,78.5,PCHIP,-1.1319884507736386
26.75,78.75,SARIMA,-13.545185223120136
26.75,79.0,SARIMA,-0.729586016039993
26.75,79.25,SARIMA,-0.06420115325662978
26.75,79.5,LSTM,0.008829975276052893
26.75,79.75,LSTM,-0.6832680902552204
26.75,80.0,LSTM,-7.377908069816918
26.75,80.25,SARIMA,0.12802360352861997
26.75,80.5,LSTM,0.29331920243318177
26.75,80.75,SARIMA,-1.8948664798221921
26.75,81.0,LSTM,0.20294201641643728
26.75,81.25,SARIMA,0.07990084579531542
26.75,81.5,RNN,0.06323600370521754
26.75,81.75,LSTM,0.0256603869838552
26.75,82.0,SARIMA,-2.594949081645186
26.75,82.25,RNN,0.008766389734537805
26.75,82.5,RNN,0.13179016465340587
26.75,82.75,LSTM,0.06446239337186066
26.75,83.0,RNN,0.19367899205347827
26.75,83.25,LSTM,-1.364373260145992
26.75,83.5,RNN,0.4192543379970285
26.75,83.75,RNN,0.475052036131133
27.0,70.0,LSTM,-770.5897177038155
27.0,70.25,SARIMA,-3.344042482262723
27.0,70.5,SARIMA,-5.621250153506205
27.0,70.75,SARIMA,-0.42610853382334346
27.0,71.0,RNN,-0.023374022734265143
27.0,71.5,LSTM,-1.1747095042868763
27.0,71.75,RNN,-0.23794550084943467
27.0,72.0,LSTM,-5.1719244651249765
27.0,72.25,RNN,-0.600995158931144
27.0,73.25,SARIMA,-0.8972279289921485
27.0,73.75,SARIMA,-5.393544632393521
27.0,74.0,LSTM,0.15329271901998776
27.0,74.25,LSTM,-0.3964421627317538
27.0,74.75,SARIMA,-0.9524367225171044
27.0,75.25,SARIMA,0.0605186174480663
27.0,75.5,RNN,-0.17479885168366405
27.0,75.75,SARIMA,-1.3987014900398353
27.0,76.0,PCHIP,0.17555176757946367
27.0,76.25,LSTM,-0.4435375306674121
27.0,76.5,RNN,-0.32917704541030557
27.0,76.75,SARIMA,-0.05546238935482495
27.0,77.0,PCHIP,-5.51653006771903
27.0,77.25,RNN,-6.918011789832467
27.0,77.5,SARIMA,-4.450642449390349
27.0,77.75,SARIMA,-1.2361728849986884
27.0,78.25,LSTM,-26.289366404882326
27.0,78.5,SARIMA,-0.9928385733902223
27.0,78.75,SARIMA,-0.2882686967555286
27.0,79.0,SARIMA,0.6378033897106679
27.0,79.25,LSTM,-0.7378845823909783
27.0,79.5,RNN,-1.6174058627946208
27.0,79.75,SARIMA,-6.7323367089522375
27.0,80.0,RNN,-0.43870590137615917
27.0,80.25,RNN,0.23540119130816817
27.0,80.5,RNN,-0.4519280900943874
27.0,80.75,LSTM,-0.24296465250395416
27.0,81.0,RNN,0.5131979928757728
27.0,81.25,LSTM,-0.0334355114111613
27.0,81.5,LSTM,-0.06907315347904652
27.0,81.75,LSTM,0.04621405230094
27.0,82.0,SARIMA,-5.153498837228406
27.0,82.25,SARIMA,-0.04926125143006255
27.0,82.5,RNN,0.444609174794243
27.0,82.75,LSTM,0.027755909188627137
27.0,83.0,SARIMA,0.4865863426588727
27.0,83.25,SARIMA,-0.2620080202088433
27.0,83.5,RNN,0.05265960913877421
27.0,83.75,LSTM,-0.10838793477019792
27.0,84.0,SARIMA,-0.04746745838826216
27.25,70.0,RNN,-0.6819775563989487
27.25,70.25,RNN,-1.1984433499843514
27.25,70.5,LSTM,0.0203792806828198
27.25,70.75,SARIMA,-7.646252656847718
27.25,71.5,RNN,-4.38263916136092
27.25,71.75,SARIMA,-0.17127164062309874
27.25,72.25,RNN,-0.2788914890270815
27.25,73.5,LSTM,-9.307117584168033
27.25,74.0,PCHIP,0.21726644985966903
27.25,74.25,SARIMA,-1.5623085563987034e+25
27.25,74.5,LSTM,0.009345553451522437
27.25,75.0,PCHIP,-0.002577328531037315
27.25,75.25,RNN,-3.150867372960187
27.25,75.5,SARIMA,0.5114361408914121
27.25,75.75,SARIMA,-3.369429174469145
27.25,76.0,PCHIP,0.0
27.25,76.25,SARIMA,-1.7192530192459956
27.25,76.5,PCHIP,-0.022154652637701888
27.25,76.75,RNN,-1.9202426153258032
27.25,77.25,PCHIP,-0.22258075341001904
27.25,77.5,SARIMA,-11.283582187405003
27.25,77.75,SARIMA,-0.47575191718818344
27.25,78.0,RNN,-1.0533334084008277
27.25,78.25,LSTM,0.028977750056849327
27.25,78.5,RNN,-0.09565528379149657
27.25,78.75,RNN,0.0001952328492097477
27.25,79.0,LSTM,-0.7432546342954092
27.25,79.25,SARIMA,-0.4205237343387844
27.25,79.5,LSTM,-8.792883884619016
27.25,79.75,SARIMA,-0.4205870761326467
27.25,80.0,SARIMA,-0.12160772617920301
27.25,80.25,LSTM,0.05547812880028302
27.25,80.5,LSTM,-2.23788334059843
27.25,80.75,SARIMA,-0.5921957599945009
27.25,81.0,RNN,0.2170133619468788
27.25,81.25,SARIMA,0.35365074760531945
27.25,81.5,SARIMA,0.2148073057820763
27.25,82.0,RNN,0.6540821641522272
27.25,82.25,SARIMA,0.4992242300727182
27.25,82.5,RNN,0.39085685211762766
27.25,82.75,LSTM,0.053112006770149045
27.25,83.0,SARIMA,0.23168088669392228
27.25,83.25,SARIMA,0.27213279276692737
27.25,83.5,SARIMA,-0.0836588899404287
27.5,70.0,SARIMA,-0.08427752272103484
27.5,70.25,SARIMA,-0.5127118169438705
27.5,71.0,LSTM,-1.0282896614652852
27.5,71.25,SARIMA,-0.3119116941323321
27.5,71.5,SARIMA,-0.014267442788917117
27.5,71.75,RNN,-0.15650349298029131
27.5,72.0,SARIMA,0.011192949649752593
27.5,72.25,SARIMA,-0.012719488229279818
27.5,72.5,LSTM,-0.0659433997294041
27.5,73.0,PCHIP,-3.1626854804853712
27.5,73.25,SARIMA,-0.4433974485241974
27.5,73.5,SARIMA,-2.5931315338650194
27.5,74.0,PCHIP,-0.7047499978510499
27.5,74.25,SARIMA,-0.03223499625732007
27.5,74.5,RNN,0.20360888152641188
27.5,74.75,PCHIP,-2.4999497794190635
27.5,75.0,SARIMA,-0.546383229607583
27.5,75.25,SARIMA,-8.362306855297842
27.5,75.75,RNN,0.0794867986352501
27.5,76.0,LSTM,-1.3469277029761808
27.5,76.25,SARIMA,-3.18371794974988
27.5,76.5,SARIMA,-2.1134689340985835
27.5,76.75,SARIMA,-1.32465877407388
27.5,77.0,SARIMA,-0.32984605939101597
27.5,77.25,LSTM,-1.631042821607136
27.5,77.5,RNN,0.020544825939501687
27.5,77.75,SARIMA,-8.21815618595318
27.5,78.0,LSTM,-0.2993612277318638
27.5,78.25,LSTM,-0.3562345873285706
27.5,78.5,SARIMA,0.7688846805583059
27.5,78.75,LSTM,0.07990331066848111
27.5,79.0,SARIMA,-2.0140311456251183
27.5,79.25,RNN,-0.6960978096346147
27.5,79.75,LSTM,-0.2327283822120534
27.5,80.0,LSTM,0.09123784948874747
27.5,80.25,SARIMA,-0.16783767315630205
27.5,80.5,SARIMA,-0.00032085025173400616
27.5,80.75,SARIMA,-0.05711362376902307
27.5,81.0,SARIMA,0.21798008518762435
27.5,81.25,SARIMA,0.31722739746052975
27.5,81.5,SARIMA,0.5604556498398001
27.5,81.75,SARIMA,0.3475447629100825
27.5,82.0,SARIMA,0.21816561744772078
27.5,82.25,SARIMA,0.35379366254075595
27.5,82.5,RNN,0.3911863980655037
27.75,70.25,RNN,-5.881181184686123
27.75,72.0,SARIMA,0.6118673011731891
27.75,72.25,RNN,-0.283294271242833
27.75,72.5,RNN,-3.83546386583219
27.75,72.75,SARIMA,-2.3820557272234555
27.75,73.0,PCHIP,-0.15623770566220418
27.75,73.25,PCHIP,-2.9539581574500455
27.75,73.5,RNN,-0.978891150017021
27.75,73.75,RNN,-10.47955451088599
27.75,74.0,RNN,0.34844142460123784
27.75,74.25,SARIMA,-11.139015234220357
27.75,74.5,LSTM,-0.43737249614758955
27.75,74.75,LSTM,-1.3240216026086395
27.75,75.0,SARIMA,0.09802789318957128
27.75,75.25,SARIMA,-1.2341840706512608
27.75,75.5,SARIMA,-0.22336367395557088
27.75,75.75,SARIMA,0.0010641137576749005
27.75,76.0,LSTM,0.05140309967577039
27.75,76.25,SARIMA,-10.106338073744407
27.75,76.5,RNN,0.18532961685405414
27.75,76.75,SARIMA,-0.17951742283091288
27.75,77.0,SARIMA,0.19794615369687718
27.75,77.25,RNN,0.22267791565220696
27.75,77.5,SARIMA,-0.46999481034520674
27.75,77.75,RNN,-3.8768133335690695
27.75,78.0,SARIMA,-1.7720927583663544
27.75,78.25,RNN,-0.09267884316216102
27.75,78.5,SARIMA,0.3611825350119605
27.75,78.75,SARIMA,-0.2290753117667772
27.75,79.0,RNN,0.12408859769570713
27.75,79.25,SARIMA,0.2957388255831208
27.75,79.5,RNN,-123.73264123923967
27.75,79.75,SARIMA,-0.3824402732426977
27.75,80.0,RNN,0.25219669451291904
27.75,80.5,SARIMA,-0.10922872270477502
27.75,80.75,LSTM,0.021655520428801145
27.75,81.25,RNN,0.3464863839307728
27.75,81.5,SARIMA,-0.6383569689507307
27.75,81.75,RNN,0.5349994671216886
27.75,82.0,LSTM,-0.3158112611888555
28.0,72.0,RNN,0.4046853098340132
28.0,72.25,LSTM,0.10678853882808115
28.0,73.0,SARIMA,-0.36898359372655043
28.0,73.25,RNN,-0.017897843432032712
28.0,73.5,SARIMA,-0.3870967325350536
28.0,73.75,RNN,-0.331186261849979
28.0,74.0,RNN,-0.39925520527503155
28.0,74.25,LSTM,-0.14696143075882295
28.0,74.5,SARIMA,-0.8169718384889899
28.0,74.75,RNN,-2.9659987799911613
28.0,75.0,SARIMA,-0.3854855500431156
28.0,75.25,PCHIP,-0.4633440031326168
28.0,75.5,SARIMA,-2.0449690901236828
28.0,75.75,RNN,0.07387219154939162
28.0,76.0,LSTM,-0.06082181894808003
28.0,76.25,SARIMA,0.5681379683823445
28.0,76.5,SARIMA,-0.3964215470931618
28.0,76.75,SARIMA,-1.2855932209967862
28.0,77.0,SARIMA,-0.48743381094410143
28.0,77.25,LSTM,0.11472471976052645
28.0,77.5,RNN,-0.43555878002699955
28.0,77.75,LSTM,-1.3589100433475054
28.0,78.0,LSTM,0.058951774769386844
28.0,78.25,SARIMA,-0.35219506471850703
28.0,78.5,LSTM,-2.9903466016031484
28.0,78.75,LSTM,0.05489296582404546
28.0,79.0,SARIMA,0.20872116499077742
28.0,79.25,LSTM,0.01824267602246865
28.0,79.5,SARIMA,-1.392714552512952
28.0,79.75,LSTM,-0.4200251093681273
28.0,80.0,LSTM,-0.14399437756082367
28.0,80.75,RNN,-10.560785985022505
28.0,81.25,SARIMA,0.35092428686964716
28.25,72.25,LSTM,0.08735533962192887
28.25,72.5,SARIMA,-0.03462819758365954
28.25,72.75,LSTM,0.11854078675743429
28.25,73.0,PCHIP,-0.037478389321690786
28.25,73.25,SARIMA,-0.6927669779946972
28.25,73.5,RNN,-6.764720002433584
28.25,73.75,SARIMA,-1.0924640438070852
28.25,74.0,RNN,-0.7496050421843006
28.25,74.25,SARIMA,-0.3542502685348654
28.25,74.5,LSTM,-0.541945663132201
28.25,74.75,RNN,-0.27045579945736775
28.25,75.0,RNN,-0.13392540422509103
28.25,75.25,RNN,-0.4179598401570499
28.25,75.5,PCHIP,0.47557403270056475
28.25,75.75,LSTM,-0.07980656431037736
28.25,76.0,LSTM,-2.982674931170908
28.25,76.25,SARIMA,-1.6932000216263519
28.25,76.5,SARIMA,-0.02915593292018892
28.25,76.75,SARIMA,-0.14625811120447962
28.25,77.0,RNN,-1.5508757250126677
28.25,77.25,RNN,-2.275832412053975
28.25,77.5,RNN,-0.0703450621002768
28.25,77.75,LSTM,-1.984436762087776
28.25,78.0,LSTM,0.11066833056685221
28.25,78.25,PCHIP,0.0
28.25,78.5,LSTM,-7.787055264721413
28.25,78.75,RNN,0.18804010442350771
28.25,79.0,SARIMA,-0.44572405338864085
28.25,79.25,SARIMA,0.1336248761401052
28.25,79.5,SARIMA,-7.37945082785337
28.25,79.75,RNN,-2.1725164513090074
28.25,80.25,SARIMA,-0.7408797255447501
28.25,80.5,RNN,0.22486923846454832
28.25,81.0,LSTM,0.09875678303588054
28.5,72.5,SARIMA,-0.12036579041542317
28.5,72.75,RNN,-0.03447824580272485
28.5,73.0,LSTM,-17.652402447774275
28.5,73.5,LSTM,-1.6435901853315058
28.5,73.75,PCHIP,-0.11443098504944427
28.5,74.25,RNN,-2.626765012124353
28.5,74.5,RNN,0.38475275320988667
28.5,75.0,PCHIP,-3.3960408754402263
28.5,75.25,LSTM,-0.15500002249650002
28.5,75.5,SARIMA,-0.012820891571774018
28.5,75.75,PCHIP,-0.05316885969944107
28.5,76.0,RNN,-0.10229676808319677
28.5,76.25,RNN,0.14999211012614166
28.5,76.5,RNN,0.06285213910881005
28.5,76.75,RNN,0.35012027399131207
28.5,77.0,SARIMA,0.03340531070493369
28.5,77.25,SARIMA,-2.108185667711375
28.5,77.5,RNN,-0.4129185375920206
28.5,77.75,SARIMA,-0.05367177470658291
28.5,78.0,SARIMA,-4.011874090594677
28.5,78.25,PCHIP,-2.800179211469622
28.5,78.5,LSTM,-0.033998501139386184
28.5,78.75,RNN,-1.5831666238644067
28.5,79.0,SARIMA,0.07706087933479067
28.5,79.25,RNN,-0.1042377450228642
28.5,79.5,RNN,-0.09939048803040818
28.5,79.75,RNN,0.21568321208622632
28.5,80.0,SARIMA,-2.0020427660887905
28.5,80.75,RNN,0.02943575563621692
28.75,73.0,SARIMA,-0.15941654399546268
28.75,73.25,LSTM,-0.011246954483102867
28.75,73.75,LSTM,0.10047531391400022
28.75,74.0,PCHIP,-0.4464106960392049
28.75,74.25,LSTM,-0.02273586114893944
28.75,75.0,RNN,0.0031813338345559883
28.75,75.5,RNN,-0.6685648957143431
28.75,75.75,SARIMA,-0.003228263545507426
28.75,76.0,RNN,0.005209188346073423
28.75,76.25,SARIMA,-0.1264705075015251
28.75,76.5,LSTM,0.07844308802164013
28.75,76.75,RNN,-0.055561984551101506
28.75,77.0,RNN,-1.4371535016230865
28.75,77.25,SARIMA,-0.3098756574469752
28.75,77.5,SARIMA,-0.42633695280725603
28.75,77.75,SARIMA,-2.367220310640228
28.75,78.0,RNN,-0.2839839815849279
28.75,78.25,LSTM,-0.02675206040166822
28.75,78.75,SARIMA,-0.37671861535244755
28.75,79.0,LSTM,-0.31138966122512524
28.75,79.25,RNN,-0.7796725827624895
28.75,79.5,LSTM,0.10947673034494187
29.0,73.0,SARIMA,-0.02970224603907723
29.0,73.25,PCHIP,-0.10969418747940218
29.0,73.5,PCHIP,-0.9513659628590168
29.0,73.75,LSTM,-13.10675348437249
29.0,74.25,SARIMA,-0.05449399821392431
29.0,74.5,LSTM,-0.09588019207676601
29.0,74.75,LSTM,-0.16237189023583665
29.0,75.0,RNN,-0.3153246392771929
29.0,75.25,SARIMA,-0.24822510390835673
29.0,75.5,LSTM,-0.45637626760015704
29.0,75.75,SARIMA,0.2531449342411235
29.0,76.0,SARIMA,-5.174273380634674
29.0,76.25,SARIMA,-2.130273747000236
29.0,76.5,LSTM,-0.5286141908714004
29.0,76.75,SARIMA,-0.062233140707168344
29.0,77.0,RNN,-0.07870220009551376
29.0,77.25,SARIMA,-0.736140678420673
29.0,77.5,SARIMA,-0.3364186723182716
29.0,77.75,SARIMA,0.0034551939522853292
29.0,78.0,SARIMA,0.2068885793164671
29.0,78.25,SARIMA,-5.696310234672513
29.0,78.5,SARIMA,-1.1924457101021257
29.0,78.75,LSTM,-0.05402399090894838
29.25,73.0,PCHIP,-1.0355974252380613
29.25,73.5,RNN,-0.005986765206401845
29.25,73.75,SARIMA,-16.320919662990494
29.25,74.0,RNN,-1.472024664945121
29.25,74.25,RNN,-1.1723915337409991
29.25,74.5,RNN,-0.018251236485581357
29.25,74.75,SARIMA,-2.922372227536401
29.25,75.0,SARIMA,-0.0036370680578208248
29.25,75.25,RNN,-0.2834215078189355
29.25,75.5,SARIMA,-0.21063546130170985
29.25,75.75,SARIMA,-0.1297530894575718
29.25,76.0,RNN,0.31283647822558025
29.25,76.25,SARIMA,-0.17113833270511325
29.25,76.5,SARIMA,-1.1978049034991334
29.25,76.75,RNN,0.09018926611553879
29.25,77.0,SARIMA,-0.40573597289532826
29.25,77.25,LSTM,-1.023593423716627
29.25,77.5,SARIMA,-2.7843567496786266
29.25,77.75,SARIMA,-1.9847619342086333
29.25,78.0,LSTM,-1.402797276193851
29.25,78.25,SARIMA,-1.0924484625259843
29.25,78.5,RNN,-0.09035184587416789
29.5,73.25,SARIMA,0.1107655473521455
29.5,73.5,LSTM,-0.01078223340666562
29.5,73.75,PCHIP,-0.3452969366529579
29.5,74.0,RNN,-2.3877476296853843
29.5,74.25,PCHIP,-5.3656576980569195
29.5,74.5,SARIMA,-5.942913286572742
29.5,74.75,SARIMA,-0.524541878186956
29.5,75.0,RNN,-16.09684867959746
29.5,75.25,SARIMA,-0.3014185414947923
29.5,75.5,SARIMA,-0.5163061586966295
29.5,75.75,RNN,0.06264939707889139
29.5,76.0,SARIMA,-0.07471898011281763
29.5,76.25,LSTM,-0.38415339622958466
29.5,76.5,LSTM,-2.740917915859863
29.5,76.75,LSTM,-1.3104300521264194
29.5,77.0,SARIMA,-0.11323218070145669
29.5,77.25,SARIMA,-0.42711899671918796
29.5,77.5,SARIMA,-4.624243278387754
29.5,77.75,SARIMA,-0.9122929310717405
29.5,78.0,SARIMA,-0.16203310500256451
29.5,78.25,SARIMA,-0.7872311856133667
29.75,73.25,RNN,-0.29724964201053417
29.75,73.5,LSTM,-0.09543430844296608
29.75,73.75,SARIMA,0.003917851170382902
29.75,74.0,SARIMA,-0.4021296169371096
29.75,74.25,RNN,-0.20470946152006952
29.75,74.5,LSTM,0.054846164921575236
29.75,74.75,SARIMA,-0.2501183911820217
29.75,75.0,RNN,-1.258011751564128
29.75,75.25,RNN,-4.882482696339207
29.75,75.5,PCHIP,0.128031770264475
29.75,75.75,SARIMA,0.2829759240645685
29.75,76.0,SARIMA,0.211365307354768
29.75,76.25,SARIMA,-0.02240188208947691
29.75,76.5,SARIMA,-0.04552063120669381
29.75,76.75,SARIMA,-0.8865205473541087
29.75,77.0,SARIMA,-0.9520478905932535
29.75,77.25,SARIMA,-0.18919674107398476
29.75,77.5,LSTM,-2.8550512034027125
30.0,73.75,LSTM,-0.23000281982691595
30.0,74.0,RNN,-0.09367070850206383
30.0,74.25,SARIMA,-0.14563088518687417
30.0,74.5,SARIMA,-0.428824288704893
30.0,74.75,LSTM,-0.017659301127373128
30.0,75.0,RNN,-0.4685962593056805
30.0,75.25,SARIMA,-7.063677388679551
30.0,75.5,SARIMA,-4.277568567037999
30.0,75.75,SARIMA,0.13385817464597394
30.0,76.0,LSTM,0.04622917658583381
30.0,76.25,SARIMA,0.042386978475031034
30.0,76.5,RNN,0.2509267969302065
30.0,76.75,SARIMA,-0.1053704000960487
30.0,77.0,LSTM,-0.40695958789282294
30.0,77.25,LSTM,-0.03406990407768995
30.0,77.5,LSTM,0.041621181270240504
30.0,77.75,LSTM,-1.0753617036333094
30.25,73.75,LSTM,-4.2848105345029275
30.25,74.0,RNN,-0.017425689300191394
30.25,74.25,LSTM,-0.04774264832275632
30.25,74.5,SARIMA,-0.4485632682390286
30.25,74.75,SARIMA,0.0123918861392035
30.25,75.0,SARIMA,0.04721713609419542
30.25,75.25,SARIMA,0.5218232822110974
30.25,75.5,SARIMA,0.516559166670226
30.25,75.75,SARIMA,-1.1965335709226226
30.25,76.0,LSTM,8.129187865058007e-05
30.25,76.25,SARIMA,-0.624151851902798
30.25,76.5,SARIMA,-0.11575495323703744
30.25,76.75,SARIMA,-0.00019301907507163207
30.25,77.0,LSTM,-0.8338162060967502
30.25,77.25,RNN,0.09802661207493535
30.25,77.5,SARIMA,-6.338502241402912
30.5,74.0,SARIMA,-0.2785173503436691
30.5,74.25,RNN,0.11012691046884016
30.5,74.5,SARIMA,-0.38636801963663236
30.5,74.75,SARIMA,-1.5125769474643223
30.5,75.0,SARIMA,0.3225624929981411
30.5,75.25,RNN,0.18844552261036307
30.5,75.5,LSTM,-0.19088762571500295
30.5,75.75,SARIMA,-1.99201252444209
30.5,76.0,SARIMA,0.03369376108162814
30.5,76.25,SARIMA,-0.0745230855090393
30.5,76.5,SARIMA,-0.9332251734709323
30.5,76.75,LSTM,-0.0059104622880949975
30.5,77.0,RNN,-0.03061908962648041
30.75,74.25,SARIMA,0.24363846099009034
30.75,74.5,RNN,-0.17946932495991996
30.75,74.75,SARIMA,-0.05112133921034401
30.75,75.0,SARIMA,-0.8794819622937906
30.75,75.25,SARIMA,-0.6890017152668264
30.75,75.5,SARIMA,-2.328013623272483
30.75,75.75,SARIMA,-0.10885134020042053
30.75,76.0,RNN,-0.22831790132335428
30.75,76.25,LSTM,-0.473184926360225
30.75,76.5,RNN,-0.1666141845611906
30.75,76.75,LSTM,-0.6615754217531773
31.0,74.5,LSTM,-0.21670401001246775
31.0,74.75,LSTM,-1.1534389042478934
31.0,75.0,SARIMA,-0.11672292179564514
31.0,75.25,SARIMA,-0.5026399224297688
31.0,75.5,LSTM,0.1365779117506043
31.0,75.75,SARIMA,-1.831206001574325
31.0,76.0,SARIMA,-0.28364764983224
31.0,76.25,RNN,-1.0732564670642266
31.0,76.5,SARIMA,-0.07667350620802948
31.25,74.5,RNN,-0.2589734804363395
31.25,74.75,LSTM,-0.370476788999192
31.25,75.0,RNN,0.004735411771498943
31.25,75.25,SARIMA,-0.44610306701442615
31.25,75.5,LSTM,0.3820418700123077
31.25,75.75,LSTM,0.230132640302391
31.25,76.0,SARIMA,-1.430781295402035
31.25,76.25,RNN,0.04670832015489057
31.5,74.5,SARIMA,-0.380666804961195
31.5,74.75,LSTM,-0.15812712916865612
31.5,75.0,SARIMA,0.3185858984297758
31.5,75.25,SARIMA,-1.7813825360723152
31.5,75.5,SARIMA,-1.0428920347264912
31.5,75.75,LSTM,-0.39417212445086647
31.75,74.5,SARIMA,0.49850013394846493
31.75,74.75,SARIMA,-1.4765203828003277
31.75,75.0,SARIMA,-0.4056825501491086
31.75,75.25,LSTM,0.015336035743443333
31.75,75.5,SARIMA,0.04800970028083951
31.75,75.75,RNN,0.0167281292241529
32.0,75.0,RNN,-0.23273640418070052
32.0,75.25,SARIMA,-0.02373458027948061
32.0,75.5,SARIMA,0.026798002810431876
32.25,75.25,RNN,-0.1326972915650051
32.25,75.5,SARIMA,0.14127077507191654
32.25,75.75,RNN,-38.99970395603548
